"MATCH_ID","MATCH_DATE","MATCH_TIME","TEAM_HOME_ID","TEAM_HOME_NAME","TEAM_AWAY_ID","TEAM_AWAY_NAME","VENUE","STATUS","WINNER","SCORE_HOME","SCORE_AWAY","NAME","NAME_DATE"
"9kbp7ccjanx969dhjayei54yy",12-DEC-17,"19:45:00","64bxxwu2mv2qqlv0monbkj1om","Burnley","4qioq44vcv619vnyy2rpovk4e","Stoke City","Turf Moor","Played","home",1,0,"Burnley - Stoke City","Burnley - Stoke City 12-12-2017"
"a0pq9qshwvsqcwwb8kd81b8tm",24-FEB-18,"15:00:00","64bxxwu2mv2qqlv0monbkj1om","Burnley","d5ydtvt96bv7fq04yqm2w2632","Southampton","Turf Moor","Played","draw",1,1,"Burnley - Southampton","Burnley - Southampton 24-02-2018"
"9f0cekhz9f0ddd0hen44ue8ve",18-NOV-17,"15:00:00","64bxxwu2mv2qqlv0monbkj1om","Burnley","410jti6axb01yhvbc0axsp8li","Swansea City","Turf Moor","Played","home",2,0,"Burnley - Swansea City","Burnley - Swansea City 18-11-2017"
"94inr6t0h7cl5cmzyoyfe1g8a",10-SEP-17,"12:30:00","64bxxwu2mv2qqlv0monbkj1om","Burnley","1c8m2ko0wxq1asfkuykurdr0y","Crystal Palace","Turf Moor","Played","home",1,0,"Burnley - Crystal Palace","Burnley - Crystal Palace 10-09-2017"
"a8sgg8z66xgy7bartaxrohq3u",14-APR-18,"14:00:00","64bxxwu2mv2qqlv0monbkj1om","Burnley","avxknfz4f6ob0rv9dbnxdzde0","Leicester City","Turf Moor","Played","home",2,1,"Burnley - Leicester City","Burnley - Leicester City 14-04-2018"
"aexggv9cisk3g7tefttojh46i",13-MAY-18,"14:00:00","64bxxwu2mv2qqlv0monbkj1om","Burnley","1pse9ta7a45pi2w2grjim70ge","AFC Bournemouth","Turf Moor","Played","away",1,2,"Burnley - AFC Bournemouth","Burnley - AFC Bournemouth 13-05-2018"
"9xfu7a7up9hfapewi3bs6u3ca",03-FEB-18,"12:30:00","64bxxwu2mv2qqlv0monbkj1om","Burnley","a3nyxabgsqlnqfkeg41m6tnpp","Manchester City","Turf Moor","Played","draw",1,1,"Burnley - Manchester City","Burnley - Manchester City 03-02-2018"
"99noita1llo5r8dnkpwiu6wyy",14-OCT-17,"14:00:00","64bxxwu2mv2qqlv0monbkj1om","Burnley","4txjdaqveermfryvbfrr4taf7","West Ham United","Turf Moor","Played","draw",1,1,"Burnley - West Ham United","Burnley - West Ham United 14-10-2017"
"9ckytg4w0jv0xu6gpw1wmqxka",30-OCT-17,"20:00:00","64bxxwu2mv2qqlv0monbkj1om","Burnley","7vn2i2kd35zuetw6b38gw9jsz","Newcastle United","Turf Moor","Played","home",1,0,"Burnley - Newcastle United","Burnley - Newcastle United 30-10-2017"
"9713tm6dcr367r0yet2hftbhm",23-SEP-17,"14:00:00","64bxxwu2mv2qqlv0monbkj1om","Burnley","5n5baro467i8s8efkra3nhgux","Huddersfield Town","Turf Moor","Played","draw",0,0,"Burnley - Huddersfield Town","Burnley - Huddersfield Town 23-09-2017"
"9ur9lc2jjjv08ne37iohjqb8q",20-JAN-18,"15:00:00","64bxxwu2mv2qqlv0monbkj1om","Burnley","6eqit8ye8aomdsrrq0hk3v7gh","Manchester United","Turf Moor","Played","away",0,1,"Burnley - Manchester United","Burnley - Manchester United 20-01-2018"
"9mwnocogjq9plby8zodxmgju2",23-DEC-17,"17:30:00","64bxxwu2mv2qqlv0monbkj1om","Burnley","22doj4sgsocqpxw45h607udje","Tottenham Hotspur","Turf Moor","Played","away",0,3,"Burnley - Tottenham Hotspur","Burnley - Tottenham Hotspur 23-12-2017"
"926vwjmxzo3ox31lmefp81izu",19-AUG-17,"14:00:00","64bxxwu2mv2qqlv0monbkj1om","Burnley","d1lhefp805y0rcbjqkpu4fq0n","West Bromwich Albion","Turf Moor","Played","away",0,1,"Burnley - West Bromwich Albion","Burnley - West Bromwich Albion 19-08-2017"
"abbw57zh8d3gb9oost5mvpvfu",28-APR-18,"14:00:00","64bxxwu2mv2qqlv0monbkj1om","Burnley","e5p0ehyguld7egzhiedpdnc3w","Brighton & Hove Albion","Turf Moor","Played","draw",0,0,"Burnley - Brighton & Hove Albion","Burnley - Brighton & Hove Albion 28-04-2018"
"ac10g497d4ecykp30zwl6opre",29-APR-18,"15:30:00","6eqit8ye8aomdsrrq0hk3v7gh","Manchester United","4dsgumo7d4zupm2ugsvm4zm4d","Arsenal","Old Trafford","Played","home",2,1,"Manchester United - Arsenal","Manchester United - Arsenal 29-04-2018"
"9ost9j6pgojxm4zrxtb947ip6",26-DEC-17,"15:00:00","6eqit8ye8aomdsrrq0hk3v7gh","Manchester United","64bxxwu2mv2qqlv0monbkj1om","Burnley","Old Trafford","Played","draw",2,2,"Manchester United - Burnley","Manchester United - Burnley 26-12-2017"
"a17ulb9r5o07t2eyg0e3v8tii",25-FEB-18,"14:05:00","6eqit8ye8aomdsrrq0hk3v7gh","Manchester United","9q0arba2kbnywth8bkxlhgmdr","Chelsea","Old Trafford","Played","home",2,1,"Manchester United - Chelsea","Manchester United - Chelsea 25-02-2018"
"9676d8fov0ypbq7tbyfrrqhka",17-SEP-17,"15:00:00","6eqit8ye8aomdsrrq0hk3v7gh","Manchester United","ehd2iemqmschhj2ec0vayztzz","Everton","Old Trafford","Played","home",4,0,"Manchester United - Everton","Manchester United - Everton 17-09-2017"
"afh5lbsq67uazq9choexd7k2y",13-MAY-18,"14:00:00","6eqit8ye8aomdsrrq0hk3v7gh","Manchester United","4t83rqbdbekinxl5fz2ygsyta","Watford","Old Trafford","Played","home",1,0,"Manchester United - Watford","Manchester United - Watford 13-05-2018"
"a4c8fz0r7zbqucny65c0pno16",10-MAR-18,"12:30:00","6eqit8ye8aomdsrrq0hk3v7gh","Manchester United","c8h9bw1l82s06h77xxrelzhur","Liverpool","Old Trafford","Played","home",2,1,"Manchester United - Liverpool","Manchester United - Liverpool 10-03-2018"
"9to114zgzcated89rdpmyzii2",15-JAN-18,"20:00:00","6eqit8ye8aomdsrrq0hk3v7gh","Manchester United","4qioq44vcv619vnyy2rpovk4e","Stoke City","Old Trafford","Played","home",3,0,"Manchester United - Stoke City","Manchester United - Stoke City 15-01-2018"
"9q9ycvviyf4cyaze0mox020dm",30-DEC-17,"17:30:00","6eqit8ye8aomdsrrq0hk3v7gh","Manchester United","d5ydtvt96bv7fq04yqm2w2632","Southampton","Old Trafford","Played","draw",0,0,"Manchester United - Southampton","Manchester United - Southampton 30-12-2017"
"a6tvecabrekbgawmqi4vaq8a2",31-MAR-18,"14:00:00","6eqit8ye8aomdsrrq0hk3v7gh","Manchester United","410jti6axb01yhvbc0axsp8li","Swansea City","Old Trafford","Played","home",2,0,"Manchester United - Swansea City","Manchester United - Swansea City 31-03-2018"
"98m70qpr3d94y1o0lys6ytmqy",30-SEP-17,"14:00:00","6eqit8ye8aomdsrrq0hk3v7gh","Manchester United","1c8m2ko0wxq1asfkuykurdr0y","Crystal Palace","Old Trafford","Played","home",4,0,"Manchester United - Crystal Palace","Manchester United - Crystal Palace 30-09-2017"
"93si1ny5i4a1ewgmpkzs7nxwq",26-AUG-17,"16:30:00","6eqit8ye8aomdsrrq0hk3v7gh","Manchester United","avxknfz4f6ob0rv9dbnxdzde0","Leicester City","Old Trafford","Played","home",2,0,"Manchester United - Leicester City","Manchester United - Leicester City 26-08-2017"
"9kxevdm86ihjpizfwxsg4qezu",13-DEC-17,"20:00:00","6eqit8ye8aomdsrrq0hk3v7gh","Manchester United","1pse9ta7a45pi2w2grjim70ge","AFC Bournemouth","Old Trafford","Played","home",1,0,"Manchester United - AFC Bournemouth","Manchester United - AFC Bournemouth 13-12-2017"
"9jnqzjwhz5wt04mttpz09n52i",10-DEC-17,"16:30:00","6eqit8ye8aomdsrrq0hk3v7gh","Manchester United","a3nyxabgsqlnqfkeg41m6tnpp","Manchester City","Old Trafford","Played","away",1,2,"Manchester United - Manchester City","Manchester United - Manchester City 10-12-2017"
"91daq89hxn108p7lza5mxqkbu",13-AUG-17,"15:00:00","6eqit8ye8aomdsrrq0hk3v7gh","Manchester United","4txjdaqveermfryvbfrr4taf7","West Ham United","Old Trafford","Played","home",4,0,"Manchester United - West Ham United","Manchester United - West Ham United 13-08-2017"
"9fevmk8qwxe9tkt8klvhtimay",18-NOV-17,"17:30:00","6eqit8ye8aomdsrrq0hk3v7gh","Manchester United","7vn2i2kd35zuetw6b38gw9jsz","Newcastle United","Old Trafford","Played","home",4,1,"Manchester United - Newcastle United","Manchester United - Newcastle United 18-11-2017"
"9y68fohk36nnj1hxzeas2czu2",03-FEB-18,"15:00:00","6eqit8ye8aomdsrrq0hk3v7gh","Manchester United","5n5baro467i8s8efkra3nhgux","Huddersfield Town","Old Trafford","Played","home",2,0,"Manchester United - Huddersfield Town","Manchester United - Huddersfield Town 03-02-2018"
"9d22mogpvlki1xszy95d6jjai",28-OCT-17,"11:30:00","6eqit8ye8aomdsrrq0hk3v7gh","Manchester United","22doj4sgsocqpxw45h607udje","Tottenham Hotspur","Old Trafford","Played","home",1,0,"Manchester United - Tottenham Hotspur","Manchester United - Tottenham Hotspur 28-10-2017"
"a9cj7d325xdtjdoc3czxjbnfu",15-APR-18,"15:00:00","6eqit8ye8aomdsrrq0hk3v7gh","Manchester United","d1lhefp805y0rcbjqkpu4fq0n","West Bromwich Albion","Old Trafford","Played","away",0,1,"Manchester United - West Bromwich Albion","Manchester United - West Bromwich Albion 15-04-2018"
"9g7ejunoonsspgjludeeqjucq",25-NOV-17,"15:00:00","6eqit8ye8aomdsrrq0hk3v7gh","Manchester United","e5p0ehyguld7egzhiedpdnc3w","Brighton & Hove Albion","Old Trafford","Played","home",1,0,"Manchester United - Brighton & Hove Albion","Manchester United - Brighton & Hove Albion 25-11-2017"
"a9gt9cckx5dsua9lbbk3p2pgq",15-APR-18,"12:30:00","7vn2i2kd35zuetw6b38gw9jsz","Newcastle United","4dsgumo7d4zupm2ugsvm4zm4d","Arsenal","St. James' Park","Played","home",2,1,"Newcastle United - Arsenal","Newcastle United - Arsenal 15-04-2018"
"9w9oatxz4swnu7c5zbonvl756",31-JAN-18,"19:45:00","7vn2i2kd35zuetw6b38gw9jsz","Newcastle United","64bxxwu2mv2qqlv0monbkj1om","Burnley","St. James' Park","Played","draw",1,1,"Newcastle United - Burnley","Newcastle United - Burnley 31-01-2018"
"afleaj8uprkfob57w9u97y3qi",13-MAY-18,"14:00:00","7vn2i2kd35zuetw6b38gw9jsz","Newcastle United","9q0arba2kbnywth8bkxlhgmdr","Chelsea","St. James' Park","Played","home",3,0,"Newcastle United - Chelsea","Newcastle United - Chelsea 13-05-2018"
"9l1hr8uxonga3maieecfc8nsa",13-DEC-17,"19:45:00","7vn2i2kd35zuetw6b38gw9jsz","Newcastle United","ehd2iemqmschhj2ec0vayztzz","Everton","St. James' Park","Played","away",0,1,"Newcastle United - Everton","Newcastle United - Everton 13-12-2017"
"9ge8bd70bzjw55684kg6j3wiy",25-NOV-17,"15:00:00","7vn2i2kd35zuetw6b38gw9jsz","Newcastle United","4t83rqbdbekinxl5fz2ygsyta","Watford","St. James' Park","Played","away",0,3,"Newcastle United - Watford","Newcastle United - Watford 25-11-2017"
"98re07wntv8vig86cqn54ky96",01-OCT-17,"15:30:00","7vn2i2kd35zuetw6b38gw9jsz","Newcastle United","c8h9bw1l82s06h77xxrelzhur","Liverpool","St. James' Park","Played","draw",1,1,"Newcastle United - Liverpool","Newcastle United - Liverpool 01-10-2017"
"96bwdhp55bn1b33vo3zbiftre",16-SEP-17,"14:00:00","7vn2i2kd35zuetw6b38gw9jsz","Newcastle United","4qioq44vcv619vnyy2rpovk4e","Stoke City","St. James' Park","Played","home",2,1,"Newcastle United - Stoke City","Newcastle United - Stoke City 16-09-2017"
"a4j3kf4vaxmtv9l2n99ucp9wq",10-MAR-18,"15:00:00","7vn2i2kd35zuetw6b38gw9jsz","Newcastle United","d5ydtvt96bv7fq04yqm2w2632","Southampton","St. James' Park","Played","home",3,0,"Newcastle United - Southampton","Newcastle United - Southampton 10-03-2018"
"9tuxu70j3h499yqbqmngo0ep6",13-JAN-18,"15:00:00","7vn2i2kd35zuetw6b38gw9jsz","Newcastle United","410jti6axb01yhvbc0axsp8li","Swansea City","St. James' Park","Played","draw",1,1,"Newcastle United - Swansea City","Newcastle United - Swansea City 13-01-2018"
"9bei80gcnny39u9dtmd6t8odm",21-OCT-17,"14:00:00","7vn2i2kd35zuetw6b38gw9jsz","Newcastle United","1c8m2ko0wxq1asfkuykurdr0y","Crystal Palace","St. James' Park","Played","home",1,0,"Newcastle United - Crystal Palace","Newcastle United - Crystal Palace 21-10-2017"
"9jrr0nbii6gntc15puwgiztka",09-DEC-17,"17:30:00","7vn2i2kd35zuetw6b38gw9jsz","Newcastle United","avxknfz4f6ob0rv9dbnxdzde0","Leicester City","St. James' Park","Played","away",2,3,"Newcastle United - Leicester City","Newcastle United - Leicester City 09-12-2017"
"9dzh0nuccimnulvvm7imgq1ka",04-NOV-17,"15:00:00","7vn2i2kd35zuetw6b38gw9jsz","Newcastle United","1pse9ta7a45pi2w2grjim70ge","AFC Bournemouth","St. James' Park","Played","away",0,1,"Newcastle United - AFC Bournemouth","Newcastle United - AFC Bournemouth 04-11-2017"
"9p0dx29wd6zh4jpn47fsikjmy",27-DEC-17,"19:45:00","7vn2i2kd35zuetw6b38gw9jsz","Newcastle United","a3nyxabgsqlnqfkeg41m6tnpp","Manchester City","St. James' Park","Played","away",0,1,"Newcastle United - Manchester City","Newcastle United - Manchester City 27-12-2017"
"93w5o1i44weouysdxeituer1m",26-AUG-17,"14:00:00","7vn2i2kd35zuetw6b38gw9jsz","Newcastle United","4txjdaqveermfryvbfrr4taf7","West Ham United","St. James' Park","Played","home",3,0,"Newcastle United - West Ham United","Newcastle United - West Ham United 26-08-2017"
"a6yd8yl9r7or9w9isbvq04j8q",31-MAR-18,"14:00:00","7vn2i2kd35zuetw6b38gw9jsz","Newcastle United","5n5baro467i8s8efkra3nhgux","Huddersfield Town","St. James' Park","Played","home",1,0,"Newcastle United - Huddersfield Town","Newcastle United - Huddersfield Town 31-03-2018"
"9zgjlsix52y9moz979t6cxvmy",11-FEB-18,"14:15:00","7vn2i2kd35zuetw6b38gw9jsz","Newcastle United","6eqit8ye8aomdsrrq0hk3v7gh","Manchester United","St. James' Park","Played","home",1,0,"Newcastle United - Manchester United","Newcastle United - Manchester United 11-02-2018"
"91hs8ckl4adjvt6o6sr4m2356",13-AUG-17,"12:30:00","7vn2i2kd35zuetw6b38gw9jsz","Newcastle United","22doj4sgsocqpxw45h607udje","Tottenham Hotspur","St. James' Park","Played","away",0,2,"Newcastle United - Tottenham Hotspur","Newcastle United - Tottenham Hotspur 13-08-2017"
"ad2vorupe78zlfizonlz9bu5m",28-APR-18,"14:00:00","7vn2i2kd35zuetw6b38gw9jsz","Newcastle United","d1lhefp805y0rcbjqkpu4fq0n","West Bromwich Albion","St. James' Park","Played","away",0,1,"Newcastle United - West Bromwich Albion","Newcastle United - West Bromwich Albion 28-04-2018"
"9qh8djqa3nhryqq6onzmlmxyi",30-DEC-17,"15:00:00","7vn2i2kd35zuetw6b38gw9jsz","Newcastle United","e5p0ehyguld7egzhiedpdnc3w","Brighton & Hove Albion","St. James' Park","Played","draw",0,0,"Newcastle United - Brighton & Hove Albion","Newcastle United - Brighton & Hove Albion 30-12-2017"
"95hn57s32xc0j3q242dqrvrze",17-SEP-17,"12:30:00","9q0arba2kbnywth8bkxlhgmdr","Chelsea","4dsgumo7d4zupm2ugsvm4zm4d","Arsenal","Stamford Bridge","Played","draw",0,0,"Chelsea - Arsenal","Chelsea - Arsenal 17-09-2017"
"90wndts267gh8sv373l65om0a",12-AUG-17,"14:00:00","9q0arba2kbnywth8bkxlhgmdr","Chelsea","64bxxwu2mv2qqlv0monbkj1om","Burnley","Stamford Bridge","Played","away",2,3,"Chelsea - Burnley","Chelsea - Burnley 12-08-2017"
"93d4b4mb30ufcyoh04zsr225m",27-AUG-17,"12:30:00","9q0arba2kbnywth8bkxlhgmdr","Chelsea","ehd2iemqmschhj2ec0vayztzz","Everton","Stamford Bridge","Played","home",2,0,"Chelsea - Everton","Chelsea - Everton 27-08-2017"
"9axeajs2qboiqowauyu6uhje2",21-OCT-17,"11:30:00","9q0arba2kbnywth8bkxlhgmdr","Chelsea","4t83rqbdbekinxl5fz2ygsyta","Watford","Stamford Bridge","Played","home",4,2,"Chelsea - Watford","Chelsea - Watford 21-10-2017"
"ae4z75uhnycawp7amq1rczckq",06-MAY-18,"15:30:00","9q0arba2kbnywth8bkxlhgmdr","Chelsea","c8h9bw1l82s06h77xxrelzhur","Liverpool","Stamford Bridge","Played","home",1,0,"Chelsea - Liverpool","Chelsea - Liverpool 06-05-2018"
"9pqdqxa9u2wrr2j7wt1dkbqei",30-DEC-17,"15:00:00","9q0arba2kbnywth8bkxlhgmdr","Chelsea","4qioq44vcv619vnyy2rpovk4e","Stoke City","Stamford Bridge","Played","home",5,0,"Chelsea - Stoke City","Chelsea - Stoke City 30-12-2017"
"9ltgol30p235ubhurwkm786lm",16-DEC-17,"15:00:00","9q0arba2kbnywth8bkxlhgmdr","Chelsea","d5ydtvt96bv7fq04yqm2w2632","Southampton","Stamford Bridge","Played","home",1,0,"Chelsea - Southampton","Chelsea - Southampton 16-12-2017"
"9hkyjcsocwt18vyofaiux2ru2",29-NOV-17,"19:45:00","9q0arba2kbnywth8bkxlhgmdr","Chelsea","410jti6axb01yhvbc0axsp8li","Swansea City","Stamford Bridge","Played","home",1,0,"Chelsea - Swansea City","Chelsea - Swansea City 29-11-2017"
"a3jyej30t51i0xfzxp63v7rl6",10-MAR-18,"17:30:00","9q0arba2kbnywth8bkxlhgmdr","Chelsea","1c8m2ko0wxq1asfkuykurdr0y","Crystal Palace","Stamford Bridge","Played","home",2,1,"Chelsea - Crystal Palace","Chelsea - Crystal Palace 10-03-2018"
"9t3obi5wxnjn0f7wtpyunizca",13-JAN-18,"15:00:00","9q0arba2kbnywth8bkxlhgmdr","Chelsea","avxknfz4f6ob0rv9dbnxdzde0","Leicester City","Stamford Bridge","Played","draw",0,0,"Chelsea - Leicester City","Chelsea - Leicester City 13-01-2018"
"9w1n4m0gquzlqzpbgim10cpyi",31-JAN-18,"19:45:00","9q0arba2kbnywth8bkxlhgmdr","Chelsea","1pse9ta7a45pi2w2grjim70ge","AFC Bournemouth","Stamford Bridge","Played","away",0,3,"Chelsea - AFC Bournemouth","Chelsea - AFC Bournemouth 31-01-2018"
"988xtzlv1j8tjxu6z3a3sotbe",30-SEP-17,"16:30:00","9q0arba2kbnywth8bkxlhgmdr","Chelsea","a3nyxabgsqlnqfkeg41m6tnpp","Manchester City","Stamford Bridge","Played","away",0,1,"Chelsea - Manchester City","Chelsea - Manchester City 30-09-2017"
"a7zu1cmi2l7h842vff83p2ctm",08-APR-18,"15:30:00","9q0arba2kbnywth8bkxlhgmdr","Chelsea","4txjdaqveermfryvbfrr4taf7","West Ham United","Stamford Bridge","Played","draw",1,1,"Chelsea - West Ham United","Chelsea - West Ham United 08-04-2018"
"9idr5riquvnolmhta4lfc7622",02-DEC-17,"12:30:00","9q0arba2kbnywth8bkxlhgmdr","Chelsea","7vn2i2kd35zuetw6b38gw9jsz","Newcastle United","Stamford Bridge","Played","home",3,1,"Chelsea - Newcastle United","Chelsea - Newcastle United 02-12-2017"
"aaf65e9kpyadeqzkmhxuu31wq",09-MAY-18,"18:45:00","9q0arba2kbnywth8bkxlhgmdr","Chelsea","5n5baro467i8s8efkra3nhgux","Huddersfield Town","Stamford Bridge","Played","draw",1,1,"Chelsea - Huddersfield Town","Chelsea - Huddersfield Town 09-05-2018"
"9dhc0065kztra3huam7wdtfu2",05-NOV-17,"16:30:00","9q0arba2kbnywth8bkxlhgmdr","Chelsea","6eqit8ye8aomdsrrq0hk3v7gh","Manchester United","Stamford Bridge","Played","home",1,0,"Chelsea - Manchester United","Chelsea - Manchester United 05-11-2017"
"a6hclquk0obs8fedmjru7zu5m",01-APR-18,"15:00:00","9q0arba2kbnywth8bkxlhgmdr","Chelsea","22doj4sgsocqpxw45h607udje","Tottenham Hotspur","Stamford Bridge","Played","away",1,3,"Chelsea - Tottenham Hotspur","Chelsea - Tottenham Hotspur 01-04-2018"
"9yqm9nxdwosgbliqeorptapuy",12-FEB-18,"20:00:00","9q0arba2kbnywth8bkxlhgmdr","Chelsea","d1lhefp805y0rcbjqkpu4fq0n","West Bromwich Albion","Stamford Bridge","Played","home",3,0,"Chelsea - West Bromwich Albion","Chelsea - West Bromwich Albion 12-02-2018"
"9o7sbd6zantcc8apc24olzgbu",26-DEC-17,"15:00:00","9q0arba2kbnywth8bkxlhgmdr","Chelsea","e5p0ehyguld7egzhiedpdnc3w","Brighton & Hove Albion","Stamford Bridge","Played","home",2,0,"Chelsea - Brighton & Hove Albion","Chelsea - Brighton & Hove Albion 26-12-2017"
"9dvgo4u3tcuhzmcj2357g45t6",05-NOV-17,"14:15:00","a3nyxabgsqlnqfkeg41m6tnpp","Manchester City","4dsgumo7d4zupm2ugsvm4zm4d","Arsenal","Etihad Stadium","Played","home",3,1,"Manchester City - Arsenal","Manchester City - Arsenal 05-11-2017"
"9bagp4hvsud0lzketr7zonp0q",21-OCT-17,"14:00:00","a3nyxabgsqlnqfkeg41m6tnpp","Manchester City","64bxxwu2mv2qqlv0monbkj1om","Burnley","Etihad Stadium","Played","home",3,0,"Manchester City - Burnley","Manchester City - Burnley 21-10-2017"
"a2lq4b8q2kpm38vjtqc3cxi7e",04-MAR-18,"16:00:00","a3nyxabgsqlnqfkeg41m6tnpp","Manchester City","9q0arba2kbnywth8bkxlhgmdr","Chelsea","Etihad Stadium","Played","home",1,0,"Manchester City - Chelsea","Manchester City - Chelsea 04-03-2018"
"92njgm7zavzff6h2595jepbvu",21-AUG-17,"19:00:00","a3nyxabgsqlnqfkeg41m6tnpp","Manchester City","ehd2iemqmschhj2ec0vayztzz","Everton","Etihad Stadium","Played","draw",1,1,"Manchester City - Everton","Manchester City - Everton 21-08-2017"
"9s0tyqias07if8k9pyeg14nsa",02-JAN-18,"20:00:00","a3nyxabgsqlnqfkeg41m6tnpp","Manchester City","4t83rqbdbekinxl5fz2ygsyta","Watford","Etihad Stadium","Played","home",3,1,"Manchester City - Watford","Manchester City - Watford 02-01-2018"
"94vokdw6ke61575urhs4dyvsa",09-SEP-17,"11:30:00","a3nyxabgsqlnqfkeg41m6tnpp","Manchester City","c8h9bw1l82s06h77xxrelzhur","Liverpool","Etihad Stadium","Played","home",5,0,"Manchester City - Liverpool","Manchester City - Liverpool 09-09-2017"
"9aen8ihfx89g20u8jkkyjj3ai",14-OCT-17,"14:00:00","a3nyxabgsqlnqfkeg41m6tnpp","Manchester City","4qioq44vcv619vnyy2rpovk4e","Stoke City","Etihad Stadium","Played","home",7,2,"Manchester City - Stoke City","Manchester City - Stoke City 14-10-2017"
"9hsfsi0rfpf84l38nvu76q92i",29-NOV-17,"20:00:00","a3nyxabgsqlnqfkeg41m6tnpp","Manchester City","d5ydtvt96bv7fq04yqm2w2632","Southampton","Etihad Stadium","Played","home",2,1,"Manchester City - Southampton","Manchester City - Southampton 29-11-2017"
"aarlnwj6htwg3ul0b4mz9o1gq",22-APR-18,"15:30:00","a3nyxabgsqlnqfkeg41m6tnpp","Manchester City","410jti6axb01yhvbc0axsp8li","Swansea City","Etihad Stadium","Played","home",5,0,"Manchester City - Swansea City","Manchester City - Swansea City 22-04-2018"
"97cdgmsr4iama8kjuzkcp1mqy",23-SEP-17,"14:00:00","a3nyxabgsqlnqfkeg41m6tnpp","Manchester City","1c8m2ko0wxq1asfkuykurdr0y","Crystal Palace","Etihad Stadium","Played","home",5,0,"Manchester City - Crystal Palace","Manchester City - Crystal Palace 23-09-2017"
"9z9r7lfo5uy8exrbn9vmkf1pm",10-FEB-18,"17:30:00","a3nyxabgsqlnqfkeg41m6tnpp","Manchester City","avxknfz4f6ob0rv9dbnxdzde0","Leicester City","Etihad Stadium","Played","home",5,1,"Manchester City - Leicester City","Manchester City - Leicester City 10-02-2018"
"9nackj83rkn473hlqvs5e2wdm",23-DEC-17,"15:00:00","a3nyxabgsqlnqfkeg41m6tnpp","Manchester City","1pse9ta7a45pi2w2grjim70ge","AFC Bournemouth","Etihad Stadium","Played","home",4,0,"Manchester City - AFC Bournemouth","Manchester City - AFC Bournemouth 23-12-2017"
"9iqcm4d8hmxkbosp8fngyjbe2",03-DEC-17,"16:00:00","a3nyxabgsqlnqfkeg41m6tnpp","Manchester City","4txjdaqveermfryvbfrr4taf7","West Ham United","Etihad Stadium","Played","home",2,1,"Manchester City - West Ham United","Manchester City - West Ham United 03-12-2017"
"9v3kob2o4xwvaj47zoyg8lawa",20-JAN-18,"17:30:00","a3nyxabgsqlnqfkeg41m6tnpp","Manchester City","7vn2i2kd35zuetw6b38gw9jsz","Newcastle United","Etihad Stadium","Played","home",3,1,"Manchester City - Newcastle United","Manchester City - Newcastle United 20-01-2018"
"aeh4svhomulc44dktrziltcoa",06-MAY-18,"12:30:00","a3nyxabgsqlnqfkeg41m6tnpp","Manchester City","5n5baro467i8s8efkra3nhgux","Huddersfield Town","Etihad Stadium","Played","draw",0,0,"Manchester City - Huddersfield Town","Manchester City - Huddersfield Town 06-05-2018"
"a8blnot4f6qqbby3k24yjpeui",07-APR-18,"16:30:00","a3nyxabgsqlnqfkeg41m6tnpp","Manchester City","6eqit8ye8aomdsrrq0hk3v7gh","Manchester United","Etihad Stadium","Played","away",2,3,"Manchester City - Manchester United","Manchester City - Manchester United 07-04-2018"
"9m5ao5iozn37144xpumdaidey",16-DEC-17,"17:30:00","a3nyxabgsqlnqfkeg41m6tnpp","Manchester City","22doj4sgsocqpxw45h607udje","Tottenham Hotspur","Etihad Stadium","Played","home",4,1,"Manchester City - Tottenham Hotspur","Manchester City - Tottenham Hotspur 16-12-2017"
"9wi7oq2o7wt8yci7kasvv460a",31-JAN-18,"20:00:00","a3nyxabgsqlnqfkeg41m6tnpp","Manchester City","d1lhefp805y0rcbjqkpu4fq0n","West Bromwich Albion","Etihad Stadium","Played","home",3,0,"Manchester City - West Bromwich Albion","Manchester City - West Bromwich Albion 31-01-2018"
"a5lo41tfmno9735k9q7c40lt6",09-MAY-18,"19:00:00","a3nyxabgsqlnqfkeg41m6tnpp","Manchester City","e5p0ehyguld7egzhiedpdnc3w","Brighton & Hove Albion","Etihad Stadium","Played","home",3,1,"Manchester City - Brighton & Hove Albion","Manchester City - Brighton & Hove Albion 09-05-2018"
"a5cza1pz3iycly8rjnd2v1qay",09-MAY-18,"18:45:00","avxknfz4f6ob0rv9dbnxdzde0","Leicester City","4dsgumo7d4zupm2ugsvm4zm4d","Arsenal","King Power Stadium","Played","home",3,1,"Leicester City - Arsenal","Leicester City - Arsenal 09-05-2018"
"9imhypv0ih5tw0pycnww0d3e2",02-DEC-17,"15:00:00","avxknfz4f6ob0rv9dbnxdzde0","Leicester City","64bxxwu2mv2qqlv0monbkj1om","Burnley","King Power Stadium","Played","home",1,0,"Leicester City - Burnley","Leicester City - Burnley 02-12-2017"
"94s05uep20h31tkpb387jxjze",09-SEP-17,"14:00:00","avxknfz4f6ob0rv9dbnxdzde0","Leicester City","9q0arba2kbnywth8bkxlhgmdr","Chelsea","King Power Stadium","Played","away",1,2,"Leicester City - Chelsea","Leicester City - Chelsea 09-09-2017"
"9ctlbpjasyh2ajx3ba2vqrq0a",29-OCT-17,"16:00:00","avxknfz4f6ob0rv9dbnxdzde0","Leicester City","ehd2iemqmschhj2ec0vayztzz","Everton","King Power Stadium","Played","home",2,0,"Leicester City - Everton","Leicester City - Everton 29-10-2017"
"9uzgphzu7r37mudkld5i2ldnu",20-JAN-18,"15:00:00","avxknfz4f6ob0rv9dbnxdzde0","Leicester City","4t83rqbdbekinxl5fz2ygsyta","Watford","King Power Stadium","Played","home",2,0,"Leicester City - Watford","Leicester City - Watford 20-01-2018"
"978lqp77rtb9uc7tbj1hruqui",23-SEP-17,"16:30:00","avxknfz4f6ob0rv9dbnxdzde0","Leicester City","c8h9bw1l82s06h77xxrelzhur","Liverpool","King Power Stadium","Played","away",2,3,"Leicester City - Liverpool","Leicester City - Liverpool 23-09-2017"
"a0xts1sklasrov1dai0x8nqlm",24-FEB-18,"12:30:00","avxknfz4f6ob0rv9dbnxdzde0","Leicester City","4qioq44vcv619vnyy2rpovk4e","Stoke City","King Power Stadium","Played","draw",1,1,"Leicester City - Stoke City","Leicester City - Stoke City 24-02-2018"
"aanrywmw0eoe4sneccefm8s4q",19-APR-18,"18:45:00","avxknfz4f6ob0rv9dbnxdzde0","Leicester City","d5ydtvt96bv7fq04yqm2w2632","Southampton","King Power Stadium","Played","draw",0,0,"Leicester City - Southampton","Leicester City - Southampton 19-04-2018"
"9xp7ymv2n91k3d15jzvz1165m",03-FEB-18,"15:00:00","avxknfz4f6ob0rv9dbnxdzde0","Leicester City","410jti6axb01yhvbc0axsp8li","Swansea City","King Power Stadium","Played","draw",1,1,"Leicester City - Swansea City","Leicester City - Swansea City 03-02-2018"
"9m172ztw230xxdl7lukyc6b8q",16-DEC-17,"12:30:00","avxknfz4f6ob0rv9dbnxdzde0","Leicester City","1c8m2ko0wxq1asfkuykurdr0y","Crystal Palace","King Power Stadium","Played","away",0,3,"Leicester City - Crystal Palace","Leicester City - Crystal Palace 16-12-2017"
"a29hdz5ir1tnebwdncowz97qi",03-MAR-18,"15:00:00","avxknfz4f6ob0rv9dbnxdzde0","Leicester City","1pse9ta7a45pi2w2grjim70ge","AFC Bournemouth","King Power Stadium","Played","draw",1,1,"Leicester City - AFC Bournemouth","Leicester City - AFC Bournemouth 03-03-2018"
"9f7itirjkw8c97f2sn823tppm",18-NOV-17,"15:00:00","avxknfz4f6ob0rv9dbnxdzde0","Leicester City","a3nyxabgsqlnqfkeg41m6tnpp","Manchester City","King Power Stadium","Played","away",0,2,"Leicester City - Manchester City","Leicester City - Manchester City 18-11-2017"
"aecuiox8xc0cqo2z9zf9wjnmy",05-MAY-18,"14:00:00","avxknfz4f6ob0rv9dbnxdzde0","Leicester City","4txjdaqveermfryvbfrr4taf7","West Ham United","King Power Stadium","Played","away",0,2,"Leicester City - West Ham United","Leicester City - West Ham United 05-05-2018"
"a87ompobyaj3rrrggjhp5q4iy",07-APR-18,"14:00:00","avxknfz4f6ob0rv9dbnxdzde0","Leicester City","7vn2i2kd35zuetw6b38gw9jsz","Newcastle United","King Power Stadium","Played","away",1,2,"Leicester City - Newcastle United","Leicester City - Newcastle United 07-04-2018"
"9rvmdyohlxjzv6w1livydbhii",01-JAN-18,"15:00:00","avxknfz4f6ob0rv9dbnxdzde0","Leicester City","5n5baro467i8s8efkra3nhgux","Huddersfield Town","King Power Stadium","Played","home",3,0,"Leicester City - Huddersfield Town","Leicester City - Huddersfield Town 01-01-2018"
"9n4ofkcxbxc1n7od3wsxbjbze",23-DEC-17,"19:45:00","avxknfz4f6ob0rv9dbnxdzde0","Leicester City","6eqit8ye8aomdsrrq0hk3v7gh","Manchester United","King Power Stadium","Played","draw",2,2,"Leicester City - Manchester United","Leicester City - Manchester United 23-12-2017"
"9h9w3w9ccrrsbzit9dwerekiy",28-NOV-17,"19:45:00","avxknfz4f6ob0rv9dbnxdzde0","Leicester City","22doj4sgsocqpxw45h607udje","Tottenham Hotspur","King Power Stadium","Played","home",2,1,"Leicester City - Tottenham Hotspur","Leicester City - Tottenham Hotspur 28-11-2017"
"9a4knhkv4bqju1gvnmmb9xp4a",16-OCT-17,"19:00:00","avxknfz4f6ob0rv9dbnxdzde0","Leicester City","d1lhefp805y0rcbjqkpu4fq0n","West Bromwich Albion","King Power Stadium","Played","draw",1,1,"Leicester City - West Bromwich Albion","Leicester City - West Bromwich Albion 16-10-2017"
"92eyl33jkyq1wo21o9iftd4ru",19-AUG-17,"14:00:00","avxknfz4f6ob0rv9dbnxdzde0","Leicester City","e5p0ehyguld7egzhiedpdnc3w","Brighton & Hove Albion","King Power Stadium","Played","home",2,0,"Leicester City - Brighton & Hove Albion","Leicester City - Brighton & Hove Albion 19-08-2017"
"93oscuos1osd1f5ju8qyxn1wq",27-AUG-17,"15:00:00","c8h9bw1l82s06h77xxrelzhur","Liverpool","4dsgumo7d4zupm2ugsvm4zm4d","Arsenal","Anfield","Played","home",4,0,"Liverpool - Arsenal","Liverpool - Arsenal 27-08-2017"
"9630jqy9ke4v07oigb1jjvsru",16-SEP-17,"14:00:00","c8h9bw1l82s06h77xxrelzhur","Liverpool","64bxxwu2mv2qqlv0monbkj1om","Burnley","Anfield","Played","draw",1,1,"Liverpool - Burnley","Liverpool - Burnley 16-09-2017"
"9g2y4walxl83zqj6pgiumsn6y",25-NOV-17,"17:30:00","c8h9bw1l82s06h77xxrelzhur","Liverpool","9q0arba2kbnywth8bkxlhgmdr","Chelsea","Anfield","Played","draw",1,1,"Liverpool - Chelsea","Liverpool - Chelsea 25-11-2017"
"9jjucdx4puqpzf88e2uhmsr56",10-DEC-17,"14:15:00","c8h9bw1l82s06h77xxrelzhur","Liverpool","ehd2iemqmschhj2ec0vayztzz","Everton","Anfield","Played","draw",1,1,"Liverpool - Everton","Liverpool - Everton 10-12-2017"
"a5hha0234esq31tph3mwxjxpm",17-MAR-18,"17:30:00","c8h9bw1l82s06h77xxrelzhur","Liverpool","4t83rqbdbekinxl5fz2ygsyta","Watford","Anfield","Played","home",5,0,"Liverpool - Watford","Liverpool - Watford 17-03-2018"
"abnkticncaqupcvwpahcc136y",28-APR-18,"11:30:00","c8h9bw1l82s06h77xxrelzhur","Liverpool","4qioq44vcv619vnyy2rpovk4e","Stoke City","Anfield","Played","draw",0,0,"Liverpool - Stoke City","Liverpool - Stoke City 28-04-2018"
"9fb2fm9oraz9toh4bnpwwaq22",18-NOV-17,"15:00:00","c8h9bw1l82s06h77xxrelzhur","Liverpool","d5ydtvt96bv7fq04yqm2w2632","Southampton","Anfield","Played","home",3,0,"Liverpool - Southampton","Liverpool - Southampton 18-11-2017"
"9omgt9aiev1q19nprwgm5d3ze",26-DEC-17,"17:30:00","c8h9bw1l82s06h77xxrelzhur","Liverpool","410jti6axb01yhvbc0axsp8li","Swansea City","Anfield","Played","home",5,0,"Liverpool - Swansea City","Liverpool - Swansea City 26-12-2017"
"92j796fl3t2xbjdilupn5udt6",19-AUG-17,"14:00:00","c8h9bw1l82s06h77xxrelzhur","Liverpool","1c8m2ko0wxq1asfkuykurdr0y","Crystal Palace","Anfield","Played","home",1,0,"Liverpool - Crystal Palace","Liverpool - Crystal Palace 19-08-2017"
"9q4ubh541gtlmwpkzim52sfai",30-DEC-17,"15:00:00","c8h9bw1l82s06h77xxrelzhur","Liverpool","avxknfz4f6ob0rv9dbnxdzde0","Leicester City","Anfield","Played","home",2,1,"Liverpool - Leicester City","Liverpool - Leicester City 30-12-2017"
"a94cvkzhuw14xnxuxzyejrs6i",14-APR-18,"16:30:00","c8h9bw1l82s06h77xxrelzhur","Liverpool","1pse9ta7a45pi2w2grjim70ge","AFC Bournemouth","Anfield","Played","home",3,0,"Liverpool - AFC Bournemouth","Liverpool - AFC Bournemouth 14-04-2018"
"9th5nw8b9z3ukakwqx9muyu0a",14-JAN-18,"16:00:00","c8h9bw1l82s06h77xxrelzhur","Liverpool","a3nyxabgsqlnqfkeg41m6tnpp","Manchester City","Anfield","Played","home",4,3,"Liverpool - Manchester City","Liverpool - Manchester City 14-01-2018"
"a125g7hpfm2hpqphk6x8y0pd6",24-FEB-18,"15:00:00","c8h9bw1l82s06h77xxrelzhur","Liverpool","4txjdaqveermfryvbfrr4taf7","West Ham United","Anfield","Played","home",4,1,"Liverpool - West Ham United","Liverpool - West Ham United 24-02-2018"
"a2eh03de2xa9a6gaf90im1ca2",03-MAR-18,"17:30:00","c8h9bw1l82s06h77xxrelzhur","Liverpool","7vn2i2kd35zuetw6b38gw9jsz","Newcastle United","Anfield","Played","home",2,0,"Liverpool - Newcastle United","Liverpool - Newcastle United 03-03-2018"
"9cy1ng94327kkx46ljpkgy92i",28-OCT-17,"14:00:00","c8h9bw1l82s06h77xxrelzhur","Liverpool","5n5baro467i8s8efkra3nhgux","Huddersfield Town","Anfield","Played","home",3,0,"Liverpool - Huddersfield Town","Liverpool - Huddersfield Town 28-10-2017"
"9aajb7lns6lttdbmbdanbe3xm",14-OCT-17,"11:30:00","c8h9bw1l82s06h77xxrelzhur","Liverpool","6eqit8ye8aomdsrrq0hk3v7gh","Manchester United","Anfield","Played","draw",0,0,"Liverpool - Manchester United","Liverpool - Manchester United 14-10-2017"
"9xxpaut8updk0uwse6ofebgiy",04-FEB-18,"16:30:00","c8h9bw1l82s06h77xxrelzhur","Liverpool","22doj4sgsocqpxw45h607udje","Tottenham Hotspur","Anfield","Played","draw",2,2,"Liverpool - Tottenham Hotspur","Liverpool - Tottenham Hotspur 04-02-2018"
"9la3brrehxnqggxqe67wpogh6",13-DEC-17,"20:00:00","c8h9bw1l82s06h77xxrelzhur","Liverpool","d1lhefp805y0rcbjqkpu4fq0n","West Bromwich Albion","Anfield","Played","draw",0,0,"Liverpool - West Bromwich Albion","Liverpool - West Bromwich Albion 13-12-2017"
"afd7ji5b7kmytlclp3h3m002y",13-MAY-18,"14:00:00","c8h9bw1l82s06h77xxrelzhur","Liverpool","e5p0ehyguld7egzhiedpdnc3w","Brighton & Hove Albion","Anfield","Played","home",4,0,"Liverpool - Brighton & Hove Albion","Liverpool - Brighton & Hove Albion 13-05-2018"
"9qzdwhfl7i0o678rvtua0tjze",31-DEC-17,"16:30:00","d1lhefp805y0rcbjqkpu4fq0n","West Bromwich Albion","4dsgumo7d4zupm2ugsvm4zm4d","Arsenal","The Hawthorns","Played","draw",1,1,"West Bromwich Albion - Arsenal","West Bromwich Albion - Arsenal 31-12-2017"
"a7fy918pek76c8bhvax85594a",31-MAR-18,"14:00:00","d1lhefp805y0rcbjqkpu4fq0n","West Bromwich Albion","64bxxwu2mv2qqlv0monbkj1om","Burnley","The Hawthorns","Played","away",1,2,"West Bromwich Albion - Burnley","West Bromwich Albion - Burnley 31-03-2018"
"9fmmaw63yzsm0ra4qkqtht1m2",18-NOV-17,"15:00:00","d1lhefp805y0rcbjqkpu4fq0n","West Bromwich Albion","9q0arba2kbnywth8bkxlhgmdr","Chelsea","The Hawthorns","Played","away",0,4,"West Bromwich Albion - Chelsea","West Bromwich Albion - Chelsea 18-11-2017"
"9phz7ccizpwh522pbagnljuju",26-DEC-17,"15:00:00","d1lhefp805y0rcbjqkpu4fq0n","West Bromwich Albion","ehd2iemqmschhj2ec0vayztzz","Everton","The Hawthorns","Played","draw",0,0,"West Bromwich Albion - Everton","West Bromwich Albion - Everton 26-12-2017"
"992ffqsaga5kh752s6zjxfe5m",30-SEP-17,"14:00:00","d1lhefp805y0rcbjqkpu4fq0n","West Bromwich Albion","4t83rqbdbekinxl5fz2ygsyta","Watford","The Hawthorns","Played","draw",2,2,"West Bromwich Albion - Watford","West Bromwich Albion - Watford 30-09-2017"
"ab81vmezxtrjvtujf2vgeml4a",21-APR-18,"11:30:00","d1lhefp805y0rcbjqkpu4fq0n","West Bromwich Albion","c8h9bw1l82s06h77xxrelzhur","Liverpool","The Hawthorns","Played","draw",2,2,"West Bromwich Albion - Liverpool","West Bromwich Albion - Liverpool 21-04-2018"
"9486yrbpdl0gqrx9dpupabfqi",27-AUG-17,"12:30:00","d1lhefp805y0rcbjqkpu4fq0n","West Bromwich Albion","4qioq44vcv619vnyy2rpovk4e","Stoke City","The Hawthorns","Played","draw",1,1,"West Bromwich Albion - Stoke City","West Bromwich Albion - Stoke City 27-08-2017"
"9yjs6psu97t1u4r3gi9z9hgfe",03-FEB-18,"15:00:00","d1lhefp805y0rcbjqkpu4fq0n","West Bromwich Albion","d5ydtvt96bv7fq04yqm2w2632","Southampton","The Hawthorns","Played","away",2,3,"West Bromwich Albion - Southampton","West Bromwich Albion - Southampton 03-02-2018"
"a8oouwb9z8mipek2keoknh9pm",07-APR-18,"14:00:00","d1lhefp805y0rcbjqkpu4fq0n","West Bromwich Albion","410jti6axb01yhvbc0axsp8li","Swansea City","The Hawthorns","Played","draw",1,1,"West Bromwich Albion - Swansea City","West Bromwich Albion - Swansea City 07-04-2018"
"9j1nots7lz3lkjuk8v9zxmlbe",02-DEC-17,"15:00:00","d1lhefp805y0rcbjqkpu4fq0n","West Bromwich Albion","1c8m2ko0wxq1asfkuykurdr0y","Crystal Palace","The Hawthorns","Played","draw",0,0,"West Bromwich Albion - Crystal Palace","West Bromwich Albion - Crystal Palace 02-12-2017"
"a4rkmm9yv097vzwje83ifpvfu",10-MAR-18,"15:00:00","d1lhefp805y0rcbjqkpu4fq0n","West Bromwich Albion","avxknfz4f6ob0rv9dbnxdzde0","Leicester City","The Hawthorns","Played","away",1,4,"West Bromwich Albion - Leicester City","West Bromwich Albion - Leicester City 10-03-2018"
"91xegwdhkuh2eujemcc09wj8q",12-AUG-17,"14:00:00","d1lhefp805y0rcbjqkpu4fq0n","West Bromwich Albion","1pse9ta7a45pi2w2grjim70ge","AFC Bournemouth","The Hawthorns","Played","home",1,0,"West Bromwich Albion - AFC Bournemouth","West Bromwich Albion - AFC Bournemouth 12-08-2017"
"9ddb1rdn80khp0hjujkq1a8h6",28-OCT-17,"14:00:00","d1lhefp805y0rcbjqkpu4fq0n","West Bromwich Albion","a3nyxabgsqlnqfkeg41m6tnpp","Manchester City","The Hawthorns","Played","away",2,3,"West Bromwich Albion - Manchester City","West Bromwich Albion - Manchester City 28-10-2017"
"96p5o4clns0x2o9bb60hc9bhm",16-SEP-17,"14:00:00","d1lhefp805y0rcbjqkpu4fq0n","West Bromwich Albion","4txjdaqveermfryvbfrr4taf7","West Ham United","The Hawthorns","Played","draw",0,0,"West Bromwich Albion - West Ham United","West Bromwich Albion - West Ham United 16-09-2017"
"9hh9y81l5ojvt9maq7nnid3sa",28-NOV-17,"20:00:00","d1lhefp805y0rcbjqkpu4fq0n","West Bromwich Albion","7vn2i2kd35zuetw6b38gw9jsz","Newcastle United","The Hawthorns","Played","draw",2,2,"West Bromwich Albion - Newcastle United","West Bromwich Albion - Newcastle United 28-11-2017"
"a1l3j5gz1v2h1hpkau36zba0a",24-FEB-18,"15:00:00","d1lhefp805y0rcbjqkpu4fq0n","West Bromwich Albion","5n5baro467i8s8efkra3nhgux","Huddersfield Town","The Hawthorns","Played","away",1,2,"West Bromwich Albion - Huddersfield Town","West Bromwich Albion - Huddersfield Town 24-02-2018"
"9ml2bmm3jze9jx6mvgx2cvuy2",17-DEC-17,"14:15:00","d1lhefp805y0rcbjqkpu4fq0n","West Bromwich Albion","6eqit8ye8aomdsrrq0hk3v7gh","Manchester United","The Hawthorns","Played","away",1,2,"West Bromwich Albion - Manchester United","West Bromwich Albion - Manchester United 17-12-2017"
"aet3fh3odtz8g6avpmpwquf6y",05-MAY-18,"14:00:00","d1lhefp805y0rcbjqkpu4fq0n","West Bromwich Albion","22doj4sgsocqpxw45h607udje","Tottenham Hotspur","The Hawthorns","Played","home",1,0,"West Bromwich Albion - Tottenham Hotspur","West Bromwich Albion - Tottenham Hotspur 05-05-2018"
"9u7vaxsp2apfb7s8fvv5l0nze",13-JAN-18,"15:00:00","d1lhefp805y0rcbjqkpu4fq0n","West Bromwich Albion","e5p0ehyguld7egzhiedpdnc3w","Brighton & Hove Albion","The Hawthorns","Played","home",2,0,"West Bromwich Albion - Brighton & Hove Albion","West Bromwich Albion - Brighton & Hove Albion 13-01-2018"
"9jvr4mnbjaoplgj4jpi0sx4ru",10-DEC-17,"12:00:00","d5ydtvt96bv7fq04yqm2w2632","Southampton","4dsgumo7d4zupm2ugsvm4zm4d","Arsenal","St. Mary's Stadium","Played","draw",1,1,"Southampton - Arsenal","Southampton - Arsenal 10-12-2017"
"9e3fyauymuuxdqukhtjfgu5be",04-NOV-17,"15:00:00","d5ydtvt96bv7fq04yqm2w2632","Southampton","64bxxwu2mv2qqlv0monbkj1om","Burnley","St. Mary's Stadium","Played","away",0,1,"Southampton - Burnley","Southampton - Burnley 04-11-2017"
"a9kps9cgja6nw2baj6222snze",14-APR-18,"11:30:00","d5ydtvt96bv7fq04yqm2w2632","Southampton","9q0arba2kbnywth8bkxlhgmdr","Chelsea","St. Mary's Stadium","Played","away",2,3,"Southampton - Chelsea","Southampton - Chelsea 14-04-2018"
"9gi7j9rmv47tspuhqn3r9q8h6",26-NOV-17,"13:30:00","d5ydtvt96bv7fq04yqm2w2632","Southampton","ehd2iemqmschhj2ec0vayztzz","Everton","St. Mary's Stadium","Played","home",4,1,"Southampton - Everton","Southampton - Everton 26-11-2017"
"94z97oagsavscka1e0cbqu3ca",09-SEP-17,"14:00:00","d5ydtvt96bv7fq04yqm2w2632","Southampton","4t83rqbdbekinxl5fz2ygsyta","Watford","St. Mary's Stadium","Played","away",0,2,"Southampton - Watford","Southampton - Watford 09-09-2017"
"9zmr9brpivd0tcrrc1cpbhr3e",11-FEB-18,"16:30:00","d5ydtvt96bv7fq04yqm2w2632","Southampton","c8h9bw1l82s06h77xxrelzhur","Liverpool","St. Mary's Stadium","Played","away",0,2,"Southampton - Liverpool","Southampton - Liverpool 11-02-2018"
"a2rax78tkes29z94krssxznfu",03-MAR-18,"15:00:00","d5ydtvt96bv7fq04yqm2w2632","Southampton","4qioq44vcv619vnyy2rpovk4e","Stoke City","St. Mary's Stadium","Played","draw",0,0,"Southampton - Stoke City","Southampton - Stoke City 03-03-2018"
"91mg15txiq4wqol1wqmopdhey",12-AUG-17,"14:00:00","d5ydtvt96bv7fq04yqm2w2632","Southampton","410jti6axb01yhvbc0axsp8li","Swansea City","St. Mary's Stadium","Played","draw",0,0,"Southampton - Swansea City","Southampton - Swansea City 12-08-2017"
"9s4t5an9qxzjmolmjgaldd36y",02-JAN-18,"19:45:00","d5ydtvt96bv7fq04yqm2w2632","Southampton","1c8m2ko0wxq1asfkuykurdr0y","Crystal Palace","St. Mary's Stadium","Played","away",1,2,"Southampton - Crystal Palace","Southampton - Crystal Palace 02-01-2018"
"9l5veqo5vwpbgge5jty4mccx6",13-DEC-17,"19:45:00","d5ydtvt96bv7fq04yqm2w2632","Southampton","avxknfz4f6ob0rv9dbnxdzde0","Leicester City","St. Mary's Stadium","Played","away",1,4,"Southampton - Leicester City","Southampton - Leicester City 13-12-2017"
"ad6udsuedxacctid1t56g5rhm",28-APR-18,"14:00:00","d5ydtvt96bv7fq04yqm2w2632","Southampton","1pse9ta7a45pi2w2grjim70ge","AFC Bournemouth","St. Mary's Stadium","Played","home",2,1,"Southampton - AFC Bournemouth","Southampton - AFC Bournemouth 28-04-2018"
"afp7ue5gjtyy2iolbzp2q2a96",13-MAY-18,"14:00:00","d5ydtvt96bv7fq04yqm2w2632","Southampton","a3nyxabgsqlnqfkeg41m6tnpp","Manchester City","St. Mary's Stadium","Played","away",0,1,"Southampton - Manchester City","Southampton - Manchester City 13-05-2018"
"a734jtsg0cj811o3s0tm3xega",19-AUG-17,"14:00:00","d5ydtvt96bv7fq04yqm2w2632","Southampton","4txjdaqveermfryvbfrr4taf7","West Ham United","St. Mary's Stadium","Played","home",3,2,"Southampton - West Ham United","Southampton - West Ham United 19-08-2017"
"9ai6mib93oofcldkhy6jjeusq",15-OCT-17,"15:00:00","d5ydtvt96bv7fq04yqm2w2632","Southampton","7vn2i2kd35zuetw6b38gw9jsz","Newcastle United","St. Mary's Stadium","Played","draw",2,2,"Southampton - Newcastle United","Southampton - Newcastle United 15-10-2017"
"9ngzh927mqj3f862puyvek296",23-DEC-17,"15:00:00","d5ydtvt96bv7fq04yqm2w2632","Southampton","5n5baro467i8s8efkra3nhgux","Huddersfield Town","St. Mary's Stadium","Played","draw",1,1,"Southampton - Huddersfield Town","Southampton - Huddersfield Town 23-12-2017"
"97gk3xqs8wxilr3i784m1evze",23-SEP-17,"14:00:00","d5ydtvt96bv7fq04yqm2w2632","Southampton","6eqit8ye8aomdsrrq0hk3v7gh","Manchester United","St. Mary's Stadium","Played","away",0,1,"Southampton - Manchester United","Southampton - Manchester United 23-09-2017"
"9v7fy7j3gsr9qxz65njtdw50q",21-JAN-18,"16:00:00","d5ydtvt96bv7fq04yqm2w2632","Southampton","22doj4sgsocqpxw45h607udje","Tottenham Hotspur","St. Mary's Stadium","Played","draw",1,1,"Southampton - Tottenham Hotspur","Southampton - Tottenham Hotspur 21-01-2018"
"9bkjge2v7vvan9tie3nt1pj6y",21-OCT-17,"16:30:00","d5ydtvt96bv7fq04yqm2w2632","Southampton","d1lhefp805y0rcbjqkpu4fq0n","West Bromwich Albion","St. Mary's Stadium","Played","home",1,0,"Southampton - West Bromwich Albion","Southampton - West Bromwich Albion 21-10-2017"
"9wduh3vn1p24ovqan7eyt6x62",31-JAN-18,"19:45:00","d5ydtvt96bv7fq04yqm2w2632","Southampton","e5p0ehyguld7egzhiedpdnc3w","Brighton & Hove Albion","St. Mary's Stadium","Played","draw",1,1,"Southampton - Brighton & Hove Albion","Southampton - Brighton & Hove Albion 31-01-2018"
"a1qq0lokd6tlxwch9c16dwzu2",04-MAR-18,"13:30:00","e5p0ehyguld7egzhiedpdnc3w","Brighton & Hove Albion","4dsgumo7d4zupm2ugsvm4zm4d","Arsenal","The American Express Community Stadium","Played","home",2,1,"Brighton & Hove Albion - Arsenal","Brighton & Hove Albion - Arsenal 04-03-2018"
"9lpko1yiwjv1qrascnsq6rl9m",16-DEC-17,"15:00:00","e5p0ehyguld7egzhiedpdnc3w","Brighton & Hove Albion","64bxxwu2mv2qqlv0monbkj1om","Burnley","The American Express Community Stadium","Played","draw",0,0,"Brighton & Hove Albion - Burnley","Brighton & Hove Albion - Burnley 16-12-2017"
"9unb353du33x16bcqa4kdt9ii",20-JAN-18,"12:30:00","e5p0ehyguld7egzhiedpdnc3w","Brighton & Hove Albion","9q0arba2kbnywth8bkxlhgmdr","Chelsea","The American Express Community Stadium","Played","away",0,4,"Brighton & Hove Albion - Chelsea","Brighton & Hove Albion - Chelsea 20-01-2018"
"99g34few7wxyxvslzb4hylhm2",15-OCT-17,"12:30:00","e5p0ehyguld7egzhiedpdnc3w","Brighton & Hove Albion","ehd2iemqmschhj2ec0vayztzz","Everton","The American Express Community Stadium","Played","draw",1,1,"Brighton & Hove Albion - Everton","Brighton & Hove Albion - Everton 15-10-2017"
"9mt0f214cb0f13ybi0doe510q",23-DEC-17,"15:00:00","e5p0ehyguld7egzhiedpdnc3w","Brighton & Hove Albion","4t83rqbdbekinxl5fz2ygsyta","Watford","The American Express Community Stadium","Played","home",1,0,"Brighton & Hove Albion - Watford","Brighton & Hove Albion - Watford 23-12-2017"
"9i9ux0vnl48uww1yd7r4i5yzu",02-DEC-17,"15:00:00","e5p0ehyguld7egzhiedpdnc3w","Brighton & Hove Albion","c8h9bw1l82s06h77xxrelzhur","Liverpool","The American Express Community Stadium","Played","away",1,5,"Brighton & Hove Albion - Liverpool","Brighton & Hove Albion - Liverpool 02-12-2017"
"9ewnzum1y785r77v36lzmpzl6",20-NOV-17,"20:00:00","e5p0ehyguld7egzhiedpdnc3w","Brighton & Hove Albion","4qioq44vcv619vnyy2rpovk4e","Stoke City","The American Express Community Stadium","Played","draw",2,2,"Brighton & Hove Albion - Stoke City","Brighton & Hove Albion - Stoke City 20-11-2017"
"9ch3gji1nda95zewdihlvs6ei",29-OCT-17,"13:30:00","e5p0ehyguld7egzhiedpdnc3w","Brighton & Hove Albion","d5ydtvt96bv7fq04yqm2w2632","Southampton","The American Express Community Stadium","Played","draw",1,1,"Brighton & Hove Albion - Southampton","Brighton & Hove Albion - Southampton 29-10-2017"
"a0lr7m1gdyh6n6fbhx1vbu6ay",24-FEB-18,"15:00:00","e5p0ehyguld7egzhiedpdnc3w","Brighton & Hove Albion","410jti6axb01yhvbc0axsp8li","Swansea City","The American Express Community Stadium","Played","home",4,1,"Brighton & Hove Albion - Swansea City","Brighton & Hove Albion - Swansea City 24-02-2018"
"9h617r8w0t599f4bgmb24sx2i",28-NOV-17,"19:45:00","e5p0ehyguld7egzhiedpdnc3w","Brighton & Hove Albion","1c8m2ko0wxq1asfkuykurdr0y","Crystal Palace","The American Express Community Stadium","Played","draw",0,0,"Brighton & Hove Albion - Crystal Palace","Brighton & Hove Albion - Crystal Palace 28-11-2017"
"a6dflb4rh8znrudla11m8zazu",31-MAR-18,"14:00:00","e5p0ehyguld7egzhiedpdnc3w","Brighton & Hove Albion","avxknfz4f6ob0rv9dbnxdzde0","Leicester City","The American Express Community Stadium","Played","away",0,2,"Brighton & Hove Albion - Leicester City","Brighton & Hove Albion - Leicester City 31-03-2018"
"9rcvvbyf7sfl4fltydjgh09re",01-JAN-18,"12:30:00","e5p0ehyguld7egzhiedpdnc3w","Brighton & Hove Albion","1pse9ta7a45pi2w2grjim70ge","AFC Bournemouth","The American Express Community Stadium","Played","draw",2,2,"Brighton & Hove Albion - AFC Bournemouth","Brighton & Hove Albion - AFC Bournemouth 01-01-2018"
"90r9vov8c2la34s83h1q7lcoa",12-AUG-17,"16:30:00","e5p0ehyguld7egzhiedpdnc3w","Brighton & Hove Albion","a3nyxabgsqlnqfkeg41m6tnpp","Manchester City","The American Express Community Stadium","Played","away",0,2,"Brighton & Hove Albion - Manchester City","Brighton & Hove Albion - Manchester City 12-08-2017"
"9xbqluxe2ga9wsjz3id0o1my2",03-FEB-18,"15:00:00","e5p0ehyguld7egzhiedpdnc3w","Brighton & Hove Albion","4txjdaqveermfryvbfrr4taf7","West Ham United","The American Express Community Stadium","Played","home",3,1,"Brighton & Hove Albion - West Ham United","Brighton & Hove Albion - West Ham United 03-02-2018"
"96xbv3emtabr2lup08bdtk416",24-SEP-17,"15:00:00","e5p0ehyguld7egzhiedpdnc3w","Brighton & Hove Albion","7vn2i2kd35zuetw6b38gw9jsz","Newcastle United","The American Express Community Stadium","Played","home",1,0,"Brighton & Hove Albion - Newcastle United","Brighton & Hove Albion - Newcastle United 24-09-2017"
"a7vqiwnqd9bv34yrjwywnpylm",07-APR-18,"14:00:00","e5p0ehyguld7egzhiedpdnc3w","Brighton & Hove Albion","5n5baro467i8s8efkra3nhgux","Huddersfield Town","The American Express Community Stadium","Played","draw",1,1,"Brighton & Hove Albion - Huddersfield Town","Brighton & Hove Albion - Huddersfield Town 07-04-2018"
"ae0wfiqjp5byf13bppuzadobu",04-MAY-18,"19:00:00","e5p0ehyguld7egzhiedpdnc3w","Brighton & Hove Albion","6eqit8ye8aomdsrrq0hk3v7gh","Manchester United","The American Express Community Stadium","Played","home",1,0,"Brighton & Hove Albion - Manchester United","Brighton & Hove Albion - Manchester United 04-05-2018"
"aaaxdggddakh7j1qhwja86y5m",17-APR-18,"18:45:00","e5p0ehyguld7egzhiedpdnc3w","Brighton & Hove Albion","22doj4sgsocqpxw45h607udje","Tottenham Hotspur","The American Express Community Stadium","Played","draw",1,1,"Brighton & Hove Albion - Tottenham Hotspur","Brighton & Hove Albion - Tottenham Hotspur 17-04-2018"
"94f6ga5k24mlp2idhp84rfucq",09-SEP-17,"14:00:00","e5p0ehyguld7egzhiedpdnc3w","Brighton & Hove Albion","d1lhefp805y0rcbjqkpu4fq0n","West Bromwich Albion","The American Express Community Stadium","Played","home",3,1,"Brighton & Hove Albion - West Bromwich Albion","Brighton & Hove Albion - West Bromwich Albion 09-09-2017"
"9b1it3lb3968tz7e659bc8nsa",22-OCT-17,"12:30:00","ehd2iemqmschhj2ec0vayztzz","Everton","4dsgumo7d4zupm2ugsvm4zm4d","Arsenal","Goodison Park","Played","away",2,5,"Everton - Arsenal","Everton - Arsenal 22-10-2017"
"98dllm6y3qeexl6sa05g13cdm",01-OCT-17,"13:15:00","ehd2iemqmschhj2ec0vayztzz","Everton","64bxxwu2mv2qqlv0monbkj1om","Burnley","Goodison Park","Played","away",0,1,"Everton - Burnley","Everton - Burnley 01-10-2017"
"9n0ipmwa20bhrdafhcfcof8tm",23-DEC-17,"12:30:00","ehd2iemqmschhj2ec0vayztzz","Everton","9q0arba2kbnywth8bkxlhgmdr","Chelsea","Goodison Park","Played","draw",0,0,"Everton - Chelsea","Everton - Chelsea 23-12-2017"
"9dlyzfby2v73e1sw83lzgjp7u",05-NOV-17,"16:30:00","ehd2iemqmschhj2ec0vayztzz","Everton","4t83rqbdbekinxl5fz2ygsyta","Watford","Goodison Park","Played","home",3,2,"Everton - Watford","Everton - Watford 05-11-2017"
"a83uj6t6izaqo3oh7tv4yka5m",07-APR-18,"11:30:00","ehd2iemqmschhj2ec0vayztzz","Everton","c8h9bw1l82s06h77xxrelzhur","Liverpool","Goodison Park","Played","draw",0,0,"Everton - Liverpool","Everton - Liverpool 07-04-2018"
"9obsmjjvqo3w8gnoxroby5gtm",28-DEC-17,"20:00:00","1c8m2ko0wxq1asfkuykurdr0y","Crystal Palace","4dsgumo7d4zupm2ugsvm4zm4d","Arsenal","Selhurst Park","Played","away",2,3,"Crystal Palace - Arsenal","Crystal Palace - Arsenal 28-12-2017"
"9t7z29yavjzlkdo422jt3iulm",13-JAN-18,"15:00:00","1c8m2ko0wxq1asfkuykurdr0y","Crystal Palace","64bxxwu2mv2qqlv0monbkj1om","Burnley","Selhurst Park","Played","home",1,0,"Crystal Palace - Burnley","Crystal Palace - Burnley 13-01-2018"
"99sozrg0tm2145azj0ihctiei",14-OCT-17,"14:00:00","1c8m2ko0wxq1asfkuykurdr0y","Crystal Palace","9q0arba2kbnywth8bkxlhgmdr","Chelsea","Selhurst Park","Played","home",2,1,"Crystal Palace - Chelsea","Crystal Palace - Chelsea 14-10-2017"
"9f3xv60a0fo82vnpjx91b33ai",18-NOV-17,"15:00:00","1c8m2ko0wxq1asfkuykurdr0y","Crystal Palace","ehd2iemqmschhj2ec0vayztzz","Everton","Selhurst Park","Played","draw",2,2,"Crystal Palace - Everton","Crystal Palace - Everton 18-11-2017"
"9kqw6cjk57rb3mvv8oxa2qgyy",12-DEC-17,"20:00:00","1c8m2ko0wxq1asfkuykurdr0y","Crystal Palace","4t83rqbdbekinxl5fz2ygsyta","Watford","Selhurst Park","Played","home",2,1,"Crystal Palace - Watford","Crystal Palace - Watford 12-12-2017"
"a6l2p6a0bevehwyk7cds8krxm",31-MAR-18,"11:30:00","1c8m2ko0wxq1asfkuykurdr0y","Crystal Palace","c8h9bw1l82s06h77xxrelzhur","Liverpool","Selhurst Park","Played","away",1,2,"Crystal Palace - Liverpool","Crystal Palace - Liverpool 31-03-2018"
"9fv2qebisnfxy2zkuskg5w7e2",25-NOV-17,"15:00:00","1c8m2ko0wxq1asfkuykurdr0y","Crystal Palace","4qioq44vcv619vnyy2rpovk4e","Stoke City","Selhurst Park","Played","home",2,1,"Crystal Palace - Stoke City","Crystal Palace - Stoke City 25-11-2017"
"95loo213q23f1y3ft907o11m2",16-SEP-17,"11:30:00","1c8m2ko0wxq1asfkuykurdr0y","Crystal Palace","d5ydtvt96bv7fq04yqm2w2632","Southampton","Selhurst Park","Played","away",0,1,"Crystal Palace - Southampton","Crystal Palace - Southampton 16-09-2017"
"93gtugq5vb55nwsq3t5fynwiy",26-AUG-17,"14:00:00","1c8m2ko0wxq1asfkuykurdr0y","Crystal Palace","410jti6axb01yhvbc0axsp8li","Swansea City","Selhurst Park","Played","away",0,2,"Crystal Palace - Swansea City","Crystal Palace - Swansea City 26-08-2017"
"abfmear7h4bkng3puhqn2atm2",28-APR-18,"14:00:00","1c8m2ko0wxq1asfkuykurdr0y","Crystal Palace","avxknfz4f6ob0rv9dbnxdzde0","Leicester City","Selhurst Park","Played","home",5,0,"Crystal Palace - Leicester City","Crystal Palace - Leicester City 28-04-2018"
"9j9d94trv3aatk0pu4zxjfv56",09-DEC-17,"15:00:00","1c8m2ko0wxq1asfkuykurdr0y","Crystal Palace","1pse9ta7a45pi2w2grjim70ge","AFC Bournemouth","Selhurst Park","Played","draw",2,2,"Crystal Palace - AFC Bournemouth","Crystal Palace - AFC Bournemouth 09-12-2017"
"9pu9fi1l9uu79r1rekna8q9gq",31-DEC-17,"12:00:00","1c8m2ko0wxq1asfkuykurdr0y","Crystal Palace","a3nyxabgsqlnqfkeg41m6tnpp","Manchester City","Selhurst Park","Played","draw",0,0,"Crystal Palace - Manchester City","Crystal Palace - Manchester City 31-12-2017"
"9cp0ru9mpuyd3m5vqhbee2m3u",28-OCT-17,"14:00:00","1c8m2ko0wxq1asfkuykurdr0y","Crystal Palace","4txjdaqveermfryvbfrr4taf7","West Ham United","Selhurst Park","Played","draw",2,2,"Crystal Palace - West Ham United","Crystal Palace - West Ham United 28-10-2017"
"9xk3nrszn6x8jb29zu35mqgyy",04-FEB-18,"14:15:00","1c8m2ko0wxq1asfkuykurdr0y","Crystal Palace","7vn2i2kd35zuetw6b38gw9jsz","Newcastle United","Selhurst Park","Played","draw",1,1,"Crystal Palace - Newcastle United","Crystal Palace - Newcastle United 04-02-2018"
"912k2hi3pc31oz4yfijtgwne2",12-AUG-17,"14:00:00","1c8m2ko0wxq1asfkuykurdr0y","Crystal Palace","5n5baro467i8s8efkra3nhgux","Huddersfield Town","Selhurst Park","Played","away",0,3,"Crystal Palace - Huddersfield Town","Crystal Palace - Huddersfield Town 12-08-2017"
"a256jq47mxem4ubn9rxql8a5m",05-MAR-18,"20:00:00","1c8m2ko0wxq1asfkuykurdr0y","Crystal Palace","6eqit8ye8aomdsrrq0hk3v7gh","Manchester United","Selhurst Park","Played","away",2,3,"Crystal Palace - Manchester United","Crystal Palace - Manchester United 05-03-2018"
"a0tvwmsmzpgntk4xppdtefmne",25-FEB-18,"12:00:00","1c8m2ko0wxq1asfkuykurdr0y","Crystal Palace","22doj4sgsocqpxw45h607udje","Tottenham Hotspur","Selhurst Park","Played","away",0,1,"Crystal Palace - Tottenham Hotspur","Crystal Palace - Tottenham Hotspur 25-02-2018"
"af1igdahpuezd2trrl8yj04mi",13-MAY-18,"14:00:00","1c8m2ko0wxq1asfkuykurdr0y","Crystal Palace","d1lhefp805y0rcbjqkpu4fq0n","West Bromwich Albion","Selhurst Park","Played","home",2,0,"Crystal Palace - West Bromwich Albion","Crystal Palace - West Bromwich Albion 13-05-2018"
"a8w6n9a4m88oyz64aitqe14dm",14-APR-18,"14:00:00","1c8m2ko0wxq1asfkuykurdr0y","Crystal Palace","e5p0ehyguld7egzhiedpdnc3w","Brighton & Hove Albion","Selhurst Park","Played","home",3,2,"Crystal Palace - Brighton & Hove Albion","Crystal Palace - Brighton & Hove Albion 14-04-2018"
"9sxtvxrdplh3ismj9or0muyy2",14-JAN-18,"13:30:00","1pse9ta7a45pi2w2grjim70ge","AFC Bournemouth","4dsgumo7d4zupm2ugsvm4zm4d","Arsenal","Vitality Stadium","Played","home",2,1,"AFC Bournemouth - Arsenal","AFC Bournemouth - Arsenal 14-01-2018"
"9gxv8qqu86pd4d2vg5c8qs86i",29-NOV-17,"19:45:00","1pse9ta7a45pi2w2grjim70ge","AFC Bournemouth","64bxxwu2mv2qqlv0monbkj1om","Burnley","Vitality Stadium","Played","away",1,2,"AFC Bournemouth - Burnley","AFC Bournemouth - Burnley 29-11-2017"
"9c941x0ur1ssp0n91r6vu10fe",28-OCT-17,"16:30:00","1pse9ta7a45pi2w2grjim70ge","AFC Bournemouth","9q0arba2kbnywth8bkxlhgmdr","Chelsea","Vitality Stadium","Played","away",0,1,"AFC Bournemouth - Chelsea","AFC Bournemouth - Chelsea 28-10-2017"
"9pm3psbhvcjfx2nppfpn2bm22",30-DEC-17,"15:00:00","1pse9ta7a45pi2w2grjim70ge","AFC Bournemouth","ehd2iemqmschhj2ec0vayztzz","Everton","Vitality Stadium","Played","home",2,1,"AFC Bournemouth - Everton","AFC Bournemouth - Everton 30-12-2017"
"921pmsw86ofmva8rnsxrr7ckq",19-AUG-17,"14:00:00","1pse9ta7a45pi2w2grjim70ge","AFC Bournemouth","4t83rqbdbekinxl5fz2ygsyta","Watford","Vitality Stadium","Played","away",0,2,"AFC Bournemouth - Watford","AFC Bournemouth - Watford 19-08-2017"
"9lhwk8361uu7hehlvputg2jca",17-DEC-17,"16:30:00","1pse9ta7a45pi2w2grjim70ge","AFC Bournemouth","c8h9bw1l82s06h77xxrelzhur","Liverpool","Vitality Stadium","Played","away",0,4,"AFC Bournemouth - Liverpool","AFC Bournemouth - Liverpool 17-12-2017"
"9wufpqv2066uv42xgsp9dqs8a",03-FEB-18,"15:00:00","1pse9ta7a45pi2w2grjim70ge","AFC Bournemouth","4qioq44vcv619vnyy2rpovk4e","Stoke City","Vitality Stadium","Played","home",2,1,"AFC Bournemouth - Stoke City","AFC Bournemouth - Stoke City 03-02-2018"
"9i2iv8h20ns2beq1v840zd2sq",03-DEC-17,"13:30:00","1pse9ta7a45pi2w2grjim70ge","AFC Bournemouth","d5ydtvt96bv7fq04yqm2w2632","Southampton","Vitality Stadium","Played","draw",1,1,"AFC Bournemouth - Southampton","AFC Bournemouth - Southampton 03-12-2017"
"adrsirzc7gmb70jkc82aksqqy",05-MAY-18,"14:00:00","1pse9ta7a45pi2w2grjim70ge","AFC Bournemouth","410jti6axb01yhvbc0axsp8li","Swansea City","Vitality Stadium","Played","home",1,0,"AFC Bournemouth - Swansea City","AFC Bournemouth - Swansea City 05-05-2018"
"a7k8yde7vuploo11vjrmzxr3e",07-APR-18,"14:00:00","1pse9ta7a45pi2w2grjim70ge","AFC Bournemouth","1c8m2ko0wxq1asfkuykurdr0y","Crystal Palace","Vitality Stadium","Played","draw",2,2,"AFC Bournemouth - Crystal Palace","AFC Bournemouth - Crystal Palace 07-04-2018"
"97ym8abtmd4yl7niy6ygu15yi",30-SEP-17,"14:00:00","1pse9ta7a45pi2w2grjim70ge","AFC Bournemouth","avxknfz4f6ob0rv9dbnxdzde0","Leicester City","Vitality Stadium","Played","draw",0,0,"AFC Bournemouth - Leicester City","AFC Bournemouth - Leicester City 30-09-2017"
"937k4mxtzjllebwgs3a2m74ve",26-AUG-17,"11:30:00","1pse9ta7a45pi2w2grjim70ge","AFC Bournemouth","a3nyxabgsqlnqfkeg41m6tnpp","Manchester City","Vitality Stadium","Played","away",1,2,"AFC Bournemouth - Manchester City","AFC Bournemouth - Manchester City 26-08-2017"
"9o0h9ee53o0mv088hnj54yzxm",26-DEC-17,"15:00:00","1pse9ta7a45pi2w2grjim70ge","AFC Bournemouth","4txjdaqveermfryvbfrr4taf7","West Ham United","Vitality Stadium","Played","draw",3,3,"AFC Bournemouth - West Ham United","AFC Bournemouth - West Ham United 26-12-2017"
"a0clytpngtnvfume8s4anycfe",24-FEB-18,"15:00:00","1pse9ta7a45pi2w2grjim70ge","AFC Bournemouth","7vn2i2kd35zuetw6b38gw9jsz","Newcastle United","Vitality Stadium","Played","draw",2,2,"AFC Bournemouth - Newcastle United","AFC Bournemouth - Newcastle United 24-02-2018"
"9emm7cfvmkg383iu5xkoboz1m",18-NOV-17,"15:00:00","1pse9ta7a45pi2w2grjim70ge","AFC Bournemouth","5n5baro467i8s8efkra3nhgux","Huddersfield Town","Vitality Stadium","Played","home",4,0,"AFC Bournemouth - Huddersfield Town","AFC Bournemouth - Huddersfield Town 18-11-2017"
"aa2qy73vw18pwa6q7bbjam0kq",18-APR-18,"18:45:00","1pse9ta7a45pi2w2grjim70ge","AFC Bournemouth","6eqit8ye8aomdsrrq0hk3v7gh","Manchester United","Vitality Stadium","Played","away",0,2,"AFC Bournemouth - Manchester United","AFC Bournemouth - Manchester United 18-04-2018"
"a37uvvc3fuv7k1fq90plbc4tm",11-MAR-18,"16:00:00","1pse9ta7a45pi2w2grjim70ge","AFC Bournemouth","22doj4sgsocqpxw45h607udje","Tottenham Hotspur","Vitality Stadium","Played","away",1,4,"AFC Bournemouth - Tottenham Hotspur","AFC Bournemouth - Tottenham Hotspur 11-03-2018"
"a4zzxpvz673jr2qikalx5u5wq",17-MAR-18,"15:00:00","1pse9ta7a45pi2w2grjim70ge","AFC Bournemouth","d1lhefp805y0rcbjqkpu4fq0n","West Bromwich Albion","Vitality Stadium","Played","home",2,1,"AFC Bournemouth - West Bromwich Albion","AFC Bournemouth - West Bromwich Albion 17-03-2018"
"95dhs6tmfj3k0bghclkq5k1nu",15-SEP-17,"19:00:00","1pse9ta7a45pi2w2grjim70ge","AFC Bournemouth","e5p0ehyguld7egzhiedpdnc3w","Brighton & Hove Albion","Vitality Stadium","Played","home",2,1,"AFC Bournemouth - Brighton & Hove Albion","AFC Bournemouth - Brighton & Hove Albion 15-09-2017"
"a00o78vkgqhx4wcvq1r6cilpm",10-FEB-18,"12:30:00","22doj4sgsocqpxw45h607udje","Tottenham Hotspur","4dsgumo7d4zupm2ugsvm4zm4d","Arsenal","Wembley Stadium","Played","home",1,0,"Tottenham Hotspur - Arsenal","Tottenham Hotspur - Arsenal 10-02-2018"
"940ptkf1lwm1yp5595wvb263u",27-AUG-17,"15:00:00","22doj4sgsocqpxw45h607udje","Tottenham Hotspur","64bxxwu2mv2qqlv0monbkj1om","Burnley","Wembley Stadium","Played","draw",1,1,"Tottenham Hotspur - Burnley","Tottenham Hotspur - Burnley 27-08-2017"
"92zlzoopu709y8aehx3ssx4ru",20-AUG-17,"15:00:00","22doj4sgsocqpxw45h607udje","Tottenham Hotspur","9q0arba2kbnywth8bkxlhgmdr","Chelsea","Wembley Stadium","Played","away",1,2,"Tottenham Hotspur - Chelsea","Tottenham Hotspur - Chelsea 20-08-2017"
"9tyz3ilduxfav9gp4ku50iycq",13-JAN-18,"17:30:00","22doj4sgsocqpxw45h607udje","Tottenham Hotspur","ehd2iemqmschhj2ec0vayztzz","Everton","Wembley Stadium","Played","home",4,0,"Tottenham Hotspur - Everton","Tottenham Hotspur - Everton 13-01-2018"
"adf5wmgcactutkepcievdo3u2",30-APR-18,"19:00:00","22doj4sgsocqpxw45h607udje","Tottenham Hotspur","4t83rqbdbekinxl5fz2ygsyta","Watford","Wembley Stadium","Played","home",2,0,"Tottenham Hotspur - Watford","Tottenham Hotspur - Watford 30-04-2018"
"9c19qwikhlcrik8j0sgu0myy2",22-OCT-17,"15:00:00","22doj4sgsocqpxw45h607udje","Tottenham Hotspur","c8h9bw1l82s06h77xxrelzhur","Liverpool","Wembley Stadium","Played","home",4,1,"Tottenham Hotspur - Liverpool","Tottenham Hotspur - Liverpool 22-10-2017"
"9k38ov342hk3imgo1uhjmnvqi",09-DEC-17,"15:00:00","22doj4sgsocqpxw45h607udje","Tottenham Hotspur","4qioq44vcv619vnyy2rpovk4e","Stoke City","Wembley Stadium","Played","home",5,1,"Tottenham Hotspur - Stoke City","Tottenham Hotspur - Stoke City 09-12-2017"
"9p5wpufc14ogpxfbwxqs7sley",26-DEC-17,"12:30:00","22doj4sgsocqpxw45h607udje","Tottenham Hotspur","d5ydtvt96bv7fq04yqm2w2632","Southampton","Wembley Stadium","Played","home",5,2,"Tottenham Hotspur - Southampton","Tottenham Hotspur - Southampton 26-12-2017"
"96huj7i5p2ixg9opwp3f24l7u",16-SEP-17,"16:30:00","22doj4sgsocqpxw45h607udje","Tottenham Hotspur","410jti6axb01yhvbc0axsp8li","Swansea City","Wembley Stadium","Played","draw",0,0,"Tottenham Hotspur - Swansea City","Tottenham Hotspur - Swansea City 16-09-2017"
"9eezlz0a3bzuriiky94pqc86i",05-NOV-17,"12:00:00","22doj4sgsocqpxw45h607udje","Tottenham Hotspur","1c8m2ko0wxq1asfkuykurdr0y","Crystal Palace","Wembley Stadium","Played","home",1,0,"Tottenham Hotspur - Crystal Palace","Tottenham Hotspur - Crystal Palace 05-11-2017"
"afx6m6390qswzssjtaaw3gxuy",13-MAY-18,"14:00:00","22doj4sgsocqpxw45h607udje","Tottenham Hotspur","avxknfz4f6ob0rv9dbnxdzde0","Leicester City","Wembley Stadium","Played","home",5,4,"Tottenham Hotspur - Leicester City","Tottenham Hotspur - Leicester City 13-05-2018"
"9apn1h9ur1b16q3jjufdx9wmi",14-OCT-17,"14:00:00","22doj4sgsocqpxw45h607udje","Tottenham Hotspur","1pse9ta7a45pi2w2grjim70ge","AFC Bournemouth","Wembley Stadium","Played","home",1,0,"Tottenham Hotspur - AFC Bournemouth","Tottenham Hotspur - AFC Bournemouth 14-10-2017"
"a9us0abyaaa4gyx3yneouq9uy",14-APR-18,"18:45:00","22doj4sgsocqpxw45h607udje","Tottenham Hotspur","a3nyxabgsqlnqfkeg41m6tnpp","Manchester City","Wembley Stadium","Played","away",1,3,"Tottenham Hotspur - Manchester City","Tottenham Hotspur - Manchester City 14-04-2018"
"9qmtb84v64sy7dmiehzxus9re",04-JAN-18,"20:00:00","22doj4sgsocqpxw45h607udje","Tottenham Hotspur","4txjdaqveermfryvbfrr4taf7","West Ham United","Wembley Stadium","Played","draw",1,1,"Tottenham Hotspur - West Ham United","Tottenham Hotspur - West Ham United 04-01-2018"
"a60wfyb5r2g1lxpr70o7urp7u",09-MAY-18,"19:00:00","22doj4sgsocqpxw45h607udje","Tottenham Hotspur","7vn2i2kd35zuetw6b38gw9jsz","Newcastle United","Wembley Stadium","Played","home",1,0,"Tottenham Hotspur - Newcastle United","Tottenham Hotspur - Newcastle United 09-05-2018"
"a2zyppzr8xzevjms9fdzxw2ne",03-MAR-18,"15:00:00","22doj4sgsocqpxw45h607udje","Tottenham Hotspur","5n5baro467i8s8efkra3nhgux","Huddersfield Town","Wembley Stadium","Played","home",2,0,"Tottenham Hotspur - Huddersfield Town","Tottenham Hotspur - Huddersfield Town 03-03-2018"
"9wqr2j05elo7b3kipqxznto4q",31-JAN-18,"20:00:00","22doj4sgsocqpxw45h607udje","Tottenham Hotspur","6eqit8ye8aomdsrrq0hk3v7gh","Manchester United","Wembley Stadium","Played","home",2,0,"Tottenham Hotspur - Manchester United","Tottenham Hotspur - Manchester United 31-01-2018"
"9gpmlqxv1ywwby96lf9sh53l6",25-NOV-17,"15:00:00","22doj4sgsocqpxw45h607udje","Tottenham Hotspur","d1lhefp805y0rcbjqkpu4fq0n","West Bromwich Albion","Wembley Stadium","Played","draw",1,1,"Tottenham Hotspur - West Bromwich Albion","Tottenham Hotspur - West Bromwich Albion 25-11-2017"
"9le0n4xi9sywzm6dmov3pb816",13-DEC-17,"20:00:00","22doj4sgsocqpxw45h607udje","Tottenham Hotspur","e5p0ehyguld7egzhiedpdnc3w","Brighton & Hove Albion","Wembley Stadium","Played","home",2,0,"Tottenham Hotspur - Brighton & Hove Albion","Tottenham Hotspur - Brighton & Hove Albion 13-12-2017"
"9vq89e265beeer3v3b552gx9m",30-JAN-18,"19:45:00","410jti6axb01yhvbc0axsp8li","Swansea City","4dsgumo7d4zupm2ugsvm4zm4d","Arsenal","Swansea.com Stadium","Played","home",3,1,"Swansea City - Arsenal","Swansea City - Arsenal 30-01-2018"
"9zwlc8cyt0d98yugkukbcv816",10-FEB-18,"15:00:00","410jti6axb01yhvbc0axsp8li","Swansea City","64bxxwu2mv2qqlv0monbkj1om","Burnley","Swansea.com Stadium","Played","home",1,0,"Swansea City - Burnley","Swansea City - Burnley 10-02-2018"
"adb2ygunh73ipskcaor8d3mne",28-APR-18,"16:30:00","410jti6axb01yhvbc0axsp8li","Swansea City","9q0arba2kbnywth8bkxlhgmdr","Chelsea","Swansea.com Stadium","Played","away",0,1,"Swansea City - Chelsea","Swansea City - Chelsea 28-04-2018"
"a9qdlkiiy9chqdggcf4cs0dwq",14-APR-18,"14:00:00","410jti6axb01yhvbc0axsp8li","Swansea City","ehd2iemqmschhj2ec0vayztzz","Everton","Swansea.com Stadium","Played","draw",1,1,"Swansea City - Everton","Swansea City - Everton 14-04-2018"
"97omoj3n21xt0cayavw6me8ve",23-SEP-17,"14:00:00","410jti6axb01yhvbc0axsp8li","Swansea City","4t83rqbdbekinxl5fz2ygsyta","Watford","Swansea.com Stadium","Played","away",1,2,"Swansea City - Watford","Swansea City - Watford 23-09-2017"
"9vf0efbkf724sq11bhfg4x6cq",22-JAN-18,"20:00:00","410jti6axb01yhvbc0axsp8li","Swansea City","c8h9bw1l82s06h77xxrelzhur","Liverpool","Swansea.com Stadium","Played","home",1,0,"Swansea City - Liverpool","Swansea City - Liverpool 22-01-2018"
"aft2mo9e0211bhdtm2ydj55ka",13-MAY-18,"14:00:00","410jti6axb01yhvbc0axsp8li","Swansea City","4qioq44vcv619vnyy2rpovk4e","Stoke City","Swansea.com Stadium","Played","away",1,2,"Swansea City - Stoke City","Swansea City - Stoke City 13-05-2018"
"a5tlb8xk801v3g1vgs13cjq0a",08-MAY-18,"18:45:00","410jti6axb01yhvbc0axsp8li","Swansea City","d5ydtvt96bv7fq04yqm2w2632","Southampton","Swansea.com Stadium","Played","away",0,1,"Swansea City - Southampton","Swansea City - Southampton 08-05-2018"
"9nqxxbcqvxab0zh1v8iv6rtyi",23-DEC-17,"15:00:00","410jti6axb01yhvbc0axsp8li","Swansea City","1c8m2ko0wxq1asfkuykurdr0y","Crystal Palace","Swansea.com Stadium","Played","draw",1,1,"Swansea City - Crystal Palace","Swansea City - Crystal Palace 23-12-2017"
"9bxfryl27a9bcvrl2n3xpnk2y",21-OCT-17,"14:00:00","410jti6axb01yhvbc0axsp8li","Swansea City","avxknfz4f6ob0rv9dbnxdzde0","Leicester City","Swansea.com Stadium","Played","away",1,2,"Swansea City - Leicester City","Swansea City - Leicester City 21-10-2017"
"9gm1kfpmnvg2z6wsgyukb69uy",25-NOV-17,"15:00:00","410jti6axb01yhvbc0axsp8li","Swansea City","1pse9ta7a45pi2w2grjim70ge","AFC Bournemouth","Swansea.com Stadium","Played","draw",0,0,"Swansea City - AFC Bournemouth","Swansea City - AFC Bournemouth 25-11-2017"
"9kizvb65fbdqkldjj3yaa9u22",13-DEC-17,"19:45:00","410jti6axb01yhvbc0axsp8li","Swansea City","a3nyxabgsqlnqfkeg41m6tnpp","Manchester City","Swansea.com Stadium","Played","away",0,4,"Swansea City - Manchester City","Swansea City - Manchester City 13-12-2017"
"a2vszy2to0nafzaiukpak723u",03-MAR-18,"15:00:00","410jti6axb01yhvbc0axsp8li","Swansea City","4txjdaqveermfryvbfrr4taf7","West Ham United","Swansea.com Stadium","Played","home",4,1,"Swansea City - West Ham United","Swansea City - West Ham United 03-03-2018"
"956hlw3y56ukcumrpqdj8cpyi",10-SEP-17,"15:00:00","410jti6axb01yhvbc0axsp8li","Swansea City","7vn2i2kd35zuetw6b38gw9jsz","Newcastle United","Swansea.com Stadium","Played","away",0,1,"Swansea City - Newcastle United","Swansea City - Newcastle United 10-09-2017"
"9alrwngm9yndm9ow4rhzuojfu",14-OCT-17,"14:00:00","410jti6axb01yhvbc0axsp8li","Swansea City","5n5baro467i8s8efkra3nhgux","Huddersfield Town","Swansea.com Stadium","Played","home",2,0,"Swansea City - Huddersfield Town","Swansea City - Huddersfield Town 14-10-2017"
"92vlv8prq3qxt9nf0xfmqqlpm",19-AUG-17,"11:30:00","410jti6axb01yhvbc0axsp8li","Swansea City","6eqit8ye8aomdsrrq0hk3v7gh","Manchester United","Swansea.com Stadium","Played","away",0,4,"Swansea City - Manchester United","Swansea City - Manchester United 19-08-2017"
"9skbj8lcszsofbpaef2ph5lre",02-JAN-18,"19:45:00","410jti6axb01yhvbc0axsp8li","Swansea City","22doj4sgsocqpxw45h607udje","Tottenham Hotspur","Swansea.com Stadium","Played","away",0,2,"Swansea City - Tottenham Hotspur","Swansea City - Tottenham Hotspur 02-01-2018"
"9jziaqqllr5rvmal2gk9rna7e",09-DEC-17,"15:00:00","410jti6axb01yhvbc0axsp8li","Swansea City","d1lhefp805y0rcbjqkpu4fq0n","West Bromwich Albion","Swansea.com Stadium","Played","home",1,0,"Swansea City - West Bromwich Albion","Swansea City - West Bromwich Albion 09-12-2017"
"9eb9k3woucnd3bkx5xotg5vfu",04-NOV-17,"15:00:00","410jti6axb01yhvbc0axsp8li","Swansea City","e5p0ehyguld7egzhiedpdnc3w","Brighton & Hove Albion","Swansea.com Stadium","Played","away",0,1,"Swansea City - Brighton & Hove Albion","Swansea City - Brighton & Hove Albion 04-11-2017"
"advu02buure05tdbklneancru",06-MAY-18,"15:30:00","4dsgumo7d4zupm2ugsvm4zm4d","Arsenal","64bxxwu2mv2qqlv0monbkj1om","Burnley","Emirates Stadium","Played","home",5,0,"Arsenal - Burnley","Arsenal - Burnley 06-05-2018"
"9r6lwr6z8p2lr8e4tguwby3qi",03-JAN-18,"19:45:00","4dsgumo7d4zupm2ugsvm4zm4d","Arsenal","9q0arba2kbnywth8bkxlhgmdr","Chelsea","Emirates Stadium","Played","draw",2,2,"Arsenal - Chelsea","Arsenal - Chelsea 03-01-2018"
"9x7ta9v2t0nv8hbpv3b7ce6wa",03-FEB-18,"17:30:00","4dsgumo7d4zupm2ugsvm4zm4d","Arsenal","ehd2iemqmschhj2ec0vayztzz","Everton","Emirates Stadium","Played","home",5,1,"Arsenal - Everton","Arsenal - Everton 03-02-2018"
"a3d0denioir0c570u6q9mi1ka",11-MAR-18,"13:30:00","4dsgumo7d4zupm2ugsvm4zm4d","Arsenal","4t83rqbdbekinxl5fz2ygsyta","Watford","Emirates Stadium","Played","home",3,0,"Arsenal - Watford","Arsenal - Watford 11-03-2018"
"9mp7jj7x4wmb1qobldjdo2elm",22-DEC-17,"19:45:00","4dsgumo7d4zupm2ugsvm4zm4d","Arsenal","c8h9bw1l82s06h77xxrelzhur","Liverpool","Emirates Stadium","Played","draw",3,3,"Arsenal - Liverpool","Arsenal - Liverpool 22-12-2017"
"a69fwrmqi1n2sr84opulj733e",01-APR-18,"12:30:00","4dsgumo7d4zupm2ugsvm4zm4d","Arsenal","4qioq44vcv619vnyy2rpovk4e","Stoke City","Emirates Stadium","Played","home",3,0,"Arsenal - Stoke City","Arsenal - Stoke City 01-04-2018"
"a7rh9hmds1ao3htzfhsgex17u",08-APR-18,"13:15:00","4dsgumo7d4zupm2ugsvm4zm4d","Arsenal","d5ydtvt96bv7fq04yqm2w2632","Southampton","Emirates Stadium","Played","home",3,2,"Arsenal - Southampton","Arsenal - Southampton 08-04-2018"
"9cd9qm3sh1dwymnsym1idsine",28-OCT-17,"14:00:00","4dsgumo7d4zupm2ugsvm4zm4d","Arsenal","410jti6axb01yhvbc0axsp8li","Swansea City","Emirates Stadium","Played","home",2,1,"Arsenal - Swansea City","Arsenal - Swansea City 28-10-2017"
"9uio686s4stes2j7d28rg5x0q",20-JAN-18,"15:00:00","4dsgumo7d4zupm2ugsvm4zm4d","Arsenal","1c8m2ko0wxq1asfkuykurdr0y","Crystal Palace","Emirates Stadium","Played","home",4,1,"Arsenal - Crystal Palace","Arsenal - Crystal Palace 20-01-2018"
"90kkfk8h6ea84dun94wcnk962",11-AUG-17,"18:45:00","4dsgumo7d4zupm2ugsvm4zm4d","Arsenal","avxknfz4f6ob0rv9dbnxdzde0","Leicester City","Emirates Stadium","Played","home",4,3,"Arsenal - Leicester City","Arsenal - Leicester City 11-08-2017"
"94bn0mkzejd5j6pc5hf1ka2cq",09-SEP-17,"14:00:00","4dsgumo7d4zupm2ugsvm4zm4d","Arsenal","1pse9ta7a45pi2w2grjim70ge","AFC Bournemouth","Emirates Stadium","Played","home",3,0,"Arsenal - AFC Bournemouth","Arsenal - AFC Bournemouth 09-09-2017"
"a0hw3tkg33ckmak8fzi64skfe",01-MAR-18,"19:45:00","4dsgumo7d4zupm2ugsvm4zm4d","Arsenal","a3nyxabgsqlnqfkeg41m6tnpp","Manchester City","Emirates Stadium","Played","away",0,3,"Arsenal - Manchester City","Arsenal - Manchester City 01-03-2018"
"aa6wms4vlrddbzxr1axojc76y",22-APR-18,"12:30:00","4dsgumo7d4zupm2ugsvm4zm4d","Arsenal","4txjdaqveermfryvbfrr4taf7","West Ham United","Emirates Stadium","Played","home",4,1,"Arsenal - West Ham United","Arsenal - West Ham United 22-04-2018"
"9llrtikf4pklnbpbcnr1tr1pm",16-DEC-17,"15:00:00","4dsgumo7d4zupm2ugsvm4zm4d","Arsenal","7vn2i2kd35zuetw6b38gw9jsz","Newcastle United","Emirates Stadium","Played","home",1,0,"Arsenal - Newcastle United","Arsenal - Newcastle United 16-12-2017"
"9h1smibvbc8m734cbwbkuijqi",29-NOV-17,"19:45:00","4dsgumo7d4zupm2ugsvm4zm4d","Arsenal","5n5baro467i8s8efkra3nhgux","Huddersfield Town","Emirates Stadium","Played","home",5,0,"Arsenal - Huddersfield Town","Arsenal - Huddersfield Town 29-11-2017"
"9i65zqajlil7sh4c2ffzzhhm2",02-DEC-17,"17:30:00","4dsgumo7d4zupm2ugsvm4zm4d","Arsenal","6eqit8ye8aomdsrrq0hk3v7gh","Manchester United","Emirates Stadium","Played","away",1,3,"Arsenal - Manchester United","Arsenal - Manchester United 02-12-2017"
"9eqiyulyfh10z4e28waveh94a",18-NOV-17,"12:30:00","4dsgumo7d4zupm2ugsvm4zm4d","Arsenal","22doj4sgsocqpxw45h607udje","Tottenham Hotspur","Emirates Stadium","Played","home",2,0,"Arsenal - Tottenham Hotspur","Arsenal - Tottenham Hotspur 18-11-2017"
"96t5wnjn73dc7no2mek0438mi",25-SEP-17,"19:00:00","4dsgumo7d4zupm2ugsvm4zm4d","Arsenal","d1lhefp805y0rcbjqkpu4fq0n","West Bromwich Albion","Emirates Stadium","Played","home",2,0,"Arsenal - West Bromwich Albion","Arsenal - West Bromwich Albion 25-09-2017"
"983iy3o834ltemwvbavjgkxgq",01-OCT-17,"11:00:00","4dsgumo7d4zupm2ugsvm4zm4d","Arsenal","e5p0ehyguld7egzhiedpdnc3w","Brighton & Hove Albion","Emirates Stadium","Played","home",2,0,"Arsenal - Brighton & Hove Albion","Arsenal - Brighton & Hove Albion 01-10-2017"
"92ri9v4razdgkd42x0zlgdv1m",19-AUG-17,"16:30:00","4qioq44vcv619vnyy2rpovk4e","Stoke City","4dsgumo7d4zupm2ugsvm4zm4d","Arsenal","bet365 Stadium","Played","home",1,0,"Stoke City - Arsenal","Stoke City - Arsenal 19-08-2017"
"aazx95mgccokpazf28kipjre2",22-APR-18,"12:30:00","4qioq44vcv619vnyy2rpovk4e","Stoke City","64bxxwu2mv2qqlv0monbkj1om","Burnley","bet365 Stadium","Played","draw",1,1,"Stoke City - Burnley","Stoke City - Burnley 22-04-2018"
"97kjtctn6dj05i7es4y439tuy",23-SEP-17,"14:00:00","4qioq44vcv619vnyy2rpovk4e","Stoke City","9q0arba2kbnywth8bkxlhgmdr","Chelsea","bet365 Stadium","Played","away",0,4,"Stoke City - Chelsea","Stoke City - Chelsea 23-09-2017"
"a5peyyfdphty39b2a8akxk76y",17-MAR-18,"15:00:00","4qioq44vcv619vnyy2rpovk4e","Stoke City","ehd2iemqmschhj2ec0vayztzz","Everton","bet365 Stadium","Played","away",1,2,"Stoke City - Everton","Stoke City - Everton 17-03-2018"
"9wmq734w69n7g63kxp25f3lgq",31-JAN-18,"20:00:00","4qioq44vcv619vnyy2rpovk4e","Stoke City","4t83rqbdbekinxl5fz2ygsyta","Watford","bet365 Stadium","Played","draw",0,0,"Stoke City - Watford","Stoke City - Watford 31-01-2018"
"9hyubpra2vjpm3bs9axljhpii",29-NOV-17,"20:00:00","4qioq44vcv619vnyy2rpovk4e","Stoke City","c8h9bw1l82s06h77xxrelzhur","Liverpool","bet365 Stadium","Played","away",0,3,"Stoke City - Liverpool","Stoke City - Liverpool 29-11-2017"
"98x102f00qs6ebsmfifvgjyp6",30-SEP-17,"14:00:00","4qioq44vcv619vnyy2rpovk4e","Stoke City","d5ydtvt96bv7fq04yqm2w2632","Southampton","bet365 Stadium","Played","home",2,1,"Stoke City - Southampton","Stoke City - Southampton 30-09-2017"
"9iu2e7u1qkhxc1ehwfx8ysg2y",02-DEC-17,"15:00:00","4qioq44vcv619vnyy2rpovk4e","Stoke City","410jti6axb01yhvbc0axsp8li","Swansea City","bet365 Stadium","Played","home",2,1,"Stoke City - Swansea City","Stoke City - Swansea City 02-12-2017"
"aelhxlk8s02jw1ienbmzd402y",05-MAY-18,"11:30:00","4qioq44vcv619vnyy2rpovk4e","Stoke City","1c8m2ko0wxq1asfkuykurdr0y","Crystal Palace","bet365 Stadium","Played","away",1,2,"Stoke City - Crystal Palace","Stoke City - Crystal Palace 05-05-2018"
"9e7ei1b9a8eb40e147018xx7u",04-NOV-17,"12:30:00","4qioq44vcv619vnyy2rpovk4e","Stoke City","avxknfz4f6ob0rv9dbnxdzde0","Leicester City","bet365 Stadium","Played","draw",2,2,"Stoke City - Leicester City","Stoke City - Leicester City 04-11-2017"
"9bt7qp5diyqsxthgi0em7cx9m",21-OCT-17,"14:00:00","4qioq44vcv619vnyy2rpovk4e","Stoke City","1pse9ta7a45pi2w2grjim70ge","AFC Bournemouth","bet365 Stadium","Played","away",1,2,"Stoke City - AFC Bournemouth","Stoke City - AFC Bournemouth 21-10-2017"
"a4ne0nrlasi80m0hukaohqiqy",12-MAR-18,"20:00:00","4qioq44vcv619vnyy2rpovk4e","Stoke City","a3nyxabgsqlnqfkeg41m6tnpp","Manchester City","bet365 Stadium","Played","away",0,2,"Stoke City - Manchester City","Stoke City - Manchester City 12-03-2018"
"9m9exzof3m4yk0a2rdg381x7u",16-DEC-17,"16:00:00","4qioq44vcv619vnyy2rpovk4e","Stoke City","4txjdaqveermfryvbfrr4taf7","West Ham United","bet365 Stadium","Played","away",0,3,"Stoke City - West Ham United","Stoke City - West Ham United 16-12-2017"
"9sd1zq89xgkkqvfqt9z45hgfe",01-JAN-18,"15:00:00","4qioq44vcv619vnyy2rpovk4e","Stoke City","7vn2i2kd35zuetw6b38gw9jsz","Newcastle United","bet365 Stadium","Played","away",0,1,"Stoke City - Newcastle United","Stoke City - Newcastle United 01-01-2018"
"9vb2pky6xkh3ps9hhuwm17ii2",20-JAN-18,"15:00:00","4qioq44vcv619vnyy2rpovk4e","Stoke City","5n5baro467i8s8efkra3nhgux","Huddersfield Town","bet365 Stadium","Played","home",2,0,"Stoke City - Huddersfield Town","Stoke City - Huddersfield Town 20-01-2018"
"952yb8ephvxncs970jdzh6vl6",09-SEP-17,"16:30:00","4qioq44vcv619vnyy2rpovk4e","Stoke City","6eqit8ye8aomdsrrq0hk3v7gh","Manchester United","bet365 Stadium","Played","draw",2,2,"Stoke City - Manchester United","Stoke City - Manchester United 09-09-2017"
"a8gfa97kqbh3oiqpjlfqu2m3u",07-APR-18,"14:00:00","4qioq44vcv619vnyy2rpovk4e","Stoke City","22doj4sgsocqpxw45h607udje","Tottenham Hotspur","bet365 Stadium","Played","away",1,2,"Stoke City - Tottenham Hotspur","Stoke City - Tottenham Hotspur 07-04-2018"
"9nm1pqjp2rbh84k48upby4bqi",23-DEC-17,"15:00:00","4qioq44vcv619vnyy2rpovk4e","Stoke City","d1lhefp805y0rcbjqkpu4fq0n","West Bromwich Albion","bet365 Stadium","Played","home",3,1,"Stoke City - West Bromwich Albion","Stoke City - West Bromwich Albion 23-12-2017"
"9zstv1wpe01tzuftfw38y9nqi",10-FEB-18,"15:00:00","4qioq44vcv619vnyy2rpovk4e","Stoke City","e5p0ehyguld7egzhiedpdnc3w","Brighton & Hove Albion","bet365 Stadium","Played","draw",1,1,"Stoke City - Brighton & Hove Albion","Stoke City - Brighton & Hove Albion 10-02-2018"
"9atdvi3acnm3zlr5ewtt4otbe",14-OCT-17,"16:30:00","4t83rqbdbekinxl5fz2ygsyta","Watford","4dsgumo7d4zupm2ugsvm4zm4d","Arsenal","Vicarage Road","Played","home",2,1,"Watford - Arsenal","Watford - Arsenal 14-10-2017"
"a8kgitwl4nsu2xeiibffzpnje",07-APR-18,"14:00:00","4t83rqbdbekinxl5fz2ygsyta","Watford","64bxxwu2mv2qqlv0monbkj1om","Burnley","Vicarage Road","Played","away",1,2,"Watford - Burnley","Watford - Burnley 07-04-2018"
"9ydq0bncyp4y5epgo5ru5va7e",05-FEB-18,"20:00:00","4t83rqbdbekinxl5fz2ygsyta","Watford","9q0arba2kbnywth8bkxlhgmdr","Chelsea","Vicarage Road","Played","home",4,1,"Watford - Chelsea","Watford - Chelsea 05-02-2018"
"a1ef4qiba9sm8qdmthq6kh8q2",24-FEB-18,"17:30:00","4t83rqbdbekinxl5fz2ygsyta","Watford","ehd2iemqmschhj2ec0vayztzz","Everton","Vicarage Road","Played","home",1,0,"Watford - Everton","Watford - Everton 24-02-2018"
"91s9wxkxke4052qy3en9vsm7e",12-AUG-17,"11:30:00","4t83rqbdbekinxl5fz2ygsyta","Watford","c8h9bw1l82s06h77xxrelzhur","Liverpool","Vicarage Road","Played","draw",3,3,"Watford - Liverpool","Watford - Liverpool 12-08-2017"
"9d64014usnxjgzwnk3jzg5tuy",28-OCT-17,"14:00:00","4t83rqbdbekinxl5fz2ygsyta","Watford","4qioq44vcv619vnyy2rpovk4e","Stoke City","Vicarage Road","Played","away",0,1,"Watford - Stoke City","Watford - Stoke City 28-10-2017"
"9u2w0mlyx4gs2lemjl30axht6",13-JAN-18,"15:00:00","4t83rqbdbekinxl5fz2ygsyta","Watford","d5ydtvt96bv7fq04yqm2w2632","Southampton","Vicarage Road","Played","draw",2,2,"Watford - Southampton","Watford - Southampton 13-01-2018"
"9qtbobwrhi91tiqsyg0tyzz3e",30-DEC-17,"15:00:00","4t83rqbdbekinxl5fz2ygsyta","Watford","410jti6axb01yhvbc0axsp8li","Swansea City","Vicarage Road","Played","away",1,2,"Watford - Swansea City","Watford - Swansea City 30-12-2017"
"ab3xrs6qukz3ykfqepux4axyi",21-APR-18,"14:00:00","4t83rqbdbekinxl5fz2ygsyta","Watford","1c8m2ko0wxq1asfkuykurdr0y","Crystal Palace","Vicarage Road","Played","draw",0,0,"Watford - Crystal Palace","Watford - Crystal Palace 21-04-2018"
"9pcg9ekd3jkteycfhzkwwutt6",26-DEC-17,"15:00:00","4t83rqbdbekinxl5fz2ygsyta","Watford","avxknfz4f6ob0rv9dbnxdzde0","Leicester City","Vicarage Road","Played","home",2,1,"Watford - Leicester City","Watford - Leicester City 26-12-2017"
"a7au583d6boch98v6yib3s416",31-MAR-18,"14:00:00","4t83rqbdbekinxl5fz2ygsyta","Watford","1pse9ta7a45pi2w2grjim70ge","AFC Bournemouth","Vicarage Road","Played","draw",2,2,"Watford - AFC Bournemouth","Watford - AFC Bournemouth 31-03-2018"
"96lguj4aux9abkzabccjdojmy",16-SEP-17,"14:00:00","4t83rqbdbekinxl5fz2ygsyta","Watford","a3nyxabgsqlnqfkeg41m6tnpp","Manchester City","Vicarage Road","Played","away",0,6,"Watford - Manchester City","Watford - Manchester City 16-09-2017"
"9fijke8nnp62dxft3r3vbqhka",19-NOV-17,"16:00:00","4t83rqbdbekinxl5fz2ygsyta","Watford","4txjdaqveermfryvbfrr4taf7","West Ham United","Vicarage Road","Played","home",2,0,"Watford - West Ham United","Watford - West Ham United 19-11-2017"
"aep71ywtn9qis1i2h9ldcxwfe",05-MAY-18,"14:00:00","4t83rqbdbekinxl5fz2ygsyta","Watford","7vn2i2kd35zuetw6b38gw9jsz","Newcastle United","Vicarage Road","Played","home",2,1,"Watford - Newcastle United","Watford - Newcastle United 05-05-2018"
"9mggv09kxbkn920jlospmnu5m",16-DEC-17,"15:00:00","4t83rqbdbekinxl5fz2ygsyta","Watford","5n5baro467i8s8efkra3nhgux","Huddersfield Town","Vicarage Road","Played","away",1,4,"Watford - Huddersfield Town","Watford - Huddersfield Town 16-12-2017"
"9hdoleg9wy0jol41twy0yfjhm",28-NOV-17,"20:00:00","4t83rqbdbekinxl5fz2ygsyta","Watford","6eqit8ye8aomdsrrq0hk3v7gh","Manchester United","Vicarage Road","Played","away",2,4,"Watford - Manchester United","Watford - Manchester United 28-11-2017"
"9ixvihd5tqcjgxjovwonncgoa",02-DEC-17,"15:00:00","4t83rqbdbekinxl5fz2ygsyta","Watford","22doj4sgsocqpxw45h607udje","Tottenham Hotspur","Vicarage Road","Played","draw",1,1,"Watford - Tottenham Hotspur","Watford - Tottenham Hotspur 02-12-2017"
"a33tmklys8z018v5iesa31g16",03-MAR-18,"15:00:00","4t83rqbdbekinxl5fz2ygsyta","Watford","d1lhefp805y0rcbjqkpu4fq0n","West Bromwich Albion","Vicarage Road","Played","home",1,0,"Watford - West Bromwich Albion","Watford - West Bromwich Albion 03-03-2018"
"944iv066gktkaxl6x9nkrl756",26-AUG-17,"14:00:00","4t83rqbdbekinxl5fz2ygsyta","Watford","e5p0ehyguld7egzhiedpdnc3w","Brighton & Hove Albion","Vicarage Road","Played","draw",0,0,"Watford - Brighton & Hove Albion","Watford - Brighton & Hove Albion 26-08-2017"
"9kn5myq1yxvk0mz4bp9479jl6",13-DEC-17,"20:00:00","4txjdaqveermfryvbfrr4taf7","West Ham United","4dsgumo7d4zupm2ugsvm4zm4d","Arsenal","London Stadium","Played","draw",0,0,"West Ham United - Arsenal","West Ham United - Arsenal 13-12-2017"
"a4vcxagd4x7pool52u5ultysq",10-MAR-18,"15:00:00","4txjdaqveermfryvbfrr4taf7","West Ham United","64bxxwu2mv2qqlv0monbkj1om","Burnley","London Stadium","Played","away",0,3,"West Ham United - Burnley","West Ham United - Burnley 10-03-2018"
"9k7vwny9bhlp7woj67txmjpm2",09-DEC-17,"12:30:00","4txjdaqveermfryvbfrr4taf7","West Ham United","9q0arba2kbnywth8bkxlhgmdr","Chelsea","London Stadium","Played","home",1,0,"West Ham United - Chelsea","West Ham United - Chelsea 09-12-2017"
"ag2jacf4e1e1qfwzka447qhka",13-MAY-18,"14:00:00","4txjdaqveermfryvbfrr4taf7","West Ham United","ehd2iemqmschhj2ec0vayztzz","Everton","London Stadium","Played","home",3,1,"West Ham United - Everton","West Ham United - Everton 13-05-2018"
"a08403r8zv8xkzeu11deospyi",10-FEB-18,"15:00:00","4txjdaqveermfryvbfrr4taf7","West Ham United","4t83rqbdbekinxl5fz2ygsyta","Watford","London Stadium","Played","home",2,0,"West Ham United - Watford","West Ham United - Watford 10-02-2018"
"9eiqj66w05iuvzqtoydyn00oa",04-NOV-17,"17:30:00","4txjdaqveermfryvbfrr4taf7","West Ham United","c8h9bw1l82s06h77xxrelzhur","Liverpool","London Stadium","Played","away",1,4,"West Ham United - Liverpool","West Ham United - Liverpool 04-11-2017"
"a9yyodnlgj4alraruymbccsbu",16-APR-18,"19:00:00","4txjdaqveermfryvbfrr4taf7","West Ham United","4qioq44vcv619vnyy2rpovk4e","Stoke City","London Stadium","Played","draw",1,1,"West Ham United - Stoke City","West Ham United - Stoke City 16-04-2018"
"933thqdmybiszf31l0zaube5m",31-MAR-18,"14:00:00","4txjdaqveermfryvbfrr4taf7","West Ham United","d5ydtvt96bv7fq04yqm2w2632","Southampton","London Stadium","Played","home",3,0,"West Ham United - Southampton","West Ham United - Southampton 31-03-2018"
"998qq8n0smybyk9ie7fu5n7fu",30-SEP-17,"14:00:00","4txjdaqveermfryvbfrr4taf7","West Ham United","410jti6axb01yhvbc0axsp8li","Swansea City","London Stadium","Played","home",1,0,"West Ham United - Swansea City","West Ham United - Swansea City 30-09-2017"
"9vtx10ga31ypdz0u9v7uaxje2",30-JAN-18,"19:45:00","4txjdaqveermfryvbfrr4taf7","West Ham United","1c8m2ko0wxq1asfkuykurdr0y","Crystal Palace","London Stadium","Played","draw",1,1,"West Ham United - Crystal Palace","West Ham United - Crystal Palace 30-01-2018"
"9gtvl8dcw8a467xj25gkmhsve",24-NOV-17,"20:00:00","4txjdaqveermfryvbfrr4taf7","West Ham United","avxknfz4f6ob0rv9dbnxdzde0","Leicester City","London Stadium","Played","draw",1,1,"West Ham United - Leicester City","West Ham United - Leicester City 24-11-2017"
"9virsp0b89aj0f68vdz1eq92i",20-JAN-18,"15:00:00","4txjdaqveermfryvbfrr4taf7","West Ham United","1pse9ta7a45pi2w2grjim70ge","AFC Bournemouth","London Stadium","Played","draw",1,1,"West Ham United - AFC Bournemouth","West Ham United - AFC Bournemouth 20-01-2018"
"adjp7pxhol45mt4kinxqy6mp6",29-APR-18,"13:15:00","4txjdaqveermfryvbfrr4taf7","West Ham United","a3nyxabgsqlnqfkeg41m6tnpp","Manchester City","London Stadium","Played","away",1,4,"West Ham United - Manchester City","West Ham United - Manchester City 29-04-2018"
"9nvjpg2cd86g3rszwuxmaylbe",23-DEC-17,"15:00:00","4txjdaqveermfryvbfrr4taf7","West Ham United","7vn2i2kd35zuetw6b38gw9jsz","Newcastle United","London Stadium","Played","away",2,3,"West Ham United - Newcastle United","West Ham United - Newcastle United 23-12-2017"
"959vstcz3g2679azplf8w06sq",11-SEP-17,"19:00:00","4txjdaqveermfryvbfrr4taf7","West Ham United","5n5baro467i8s8efkra3nhgux","Huddersfield Town","London Stadium","Played","home",2,0,"West Ham United - Huddersfield Town","West Ham United - Huddersfield Town 11-09-2017"
"a65c05hzghxokqdl9e3updysq",10-MAY-18,"18:45:00","4txjdaqveermfryvbfrr4taf7","West Ham United","6eqit8ye8aomdsrrq0hk3v7gh","Manchester United","London Stadium","Played","draw",0,0,"West Ham United - Manchester United","West Ham United - Manchester United 10-05-2018"
"97svxw06dnxwtq18syf82nj3e",23-SEP-17,"11:30:00","4txjdaqveermfryvbfrr4taf7","West Ham United","22doj4sgsocqpxw45h607udje","Tottenham Hotspur","London Stadium","Played","away",2,3,"West Ham United - Tottenham Hotspur","West Ham United - Tottenham Hotspur 23-09-2017"
"9srdka249confi9laskxitawa",02-JAN-18,"19:45:00","4txjdaqveermfryvbfrr4taf7","West Ham United","d1lhefp805y0rcbjqkpu4fq0n","West Bromwich Albion","London Stadium","Played","home",2,1,"West Ham United - West Bromwich Albion","West Ham United - West Bromwich Albion 02-01-2018"
"9c52qo3kt7idy8byzdvcps222",20-OCT-17,"19:00:00","4txjdaqveermfryvbfrr4taf7","West Ham United","e5p0ehyguld7egzhiedpdnc3w","Brighton & Hove Albion","London Stadium","Played","away",0,3,"West Ham United - Brighton & Hove Albion","West Ham United - Brighton & Hove Albion 20-10-2017"
"af5kxpkca3demjzgz4ex6rsdm",13-MAY-18,"14:00:00","5n5baro467i8s8efkra3nhgux","Huddersfield Town","4dsgumo7d4zupm2ugsvm4zm4d","Arsenal","John Smith's Stadium","Played","away",0,1,"Huddersfield Town - Arsenal","Huddersfield Town - Arsenal 13-05-2018"
"9py5lrhwdu6qornykeb0byd7u",30-DEC-17,"15:00:00","5n5baro467i8s8efkra3nhgux","Huddersfield Town","64bxxwu2mv2qqlv0monbkj1om","Burnley","John Smith's Stadium","Played","draw",0,0,"Huddersfield Town - Burnley","Huddersfield Town - Burnley 30-12-2017"
"9kfdoizvpqkc0vwva6ifwik4q",12-DEC-17,"20:00:00","5n5baro467i8s8efkra3nhgux","Huddersfield Town","9q0arba2kbnywth8bkxlhgmdr","Chelsea","John Smith's Stadium","Played","away",1,3,"Huddersfield Town - Chelsea","Huddersfield Town - Chelsea 12-12-2017"
"abjeg4dfdyyszc71j8pq8y5wq",28-APR-18,"14:00:00","5n5baro467i8s8efkra3nhgux","Huddersfield Town","ehd2iemqmschhj2ec0vayztzz","Everton","John Smith's Stadium","Played","away",0,2,"Huddersfield Town - Everton","Huddersfield Town - Everton 28-04-2018"
"a8zzxz66a4s7jpn7sgel80aqy",14-APR-18,"14:00:00","5n5baro467i8s8efkra3nhgux","Huddersfield Town","4t83rqbdbekinxl5fz2ygsyta","Watford","John Smith's Stadium","Played","home",1,0,"Huddersfield Town - Watford","Huddersfield Town - Watford 14-04-2018"
"9vmhzmjet2821y0r8r0khk416",30-JAN-18,"20:00:00","5n5baro467i8s8efkra3nhgux","Huddersfield Town","c8h9bw1l82s06h77xxrelzhur","Liverpool","John Smith's Stadium","Played","away",0,3,"Huddersfield Town - Liverpool","Huddersfield Town - Liverpool 30-01-2018"
"9og20jb6xxoangv26x23t2uzu",26-DEC-17,"15:00:00","5n5baro467i8s8efkra3nhgux","Huddersfield Town","4qioq44vcv619vnyy2rpovk4e","Stoke City","John Smith's Stadium","Played","draw",1,1,"Huddersfield Town - Stoke City","Huddersfield Town - Stoke City 26-12-2017"
"93l0qnq51iba2lp3kr9c8vnu2",26-AUG-17,"14:00:00","5n5baro467i8s8efkra3nhgux","Huddersfield Town","d5ydtvt96bv7fq04yqm2w2632","Southampton","John Smith's Stadium","Played","draw",0,0,"Huddersfield Town - Southampton","Huddersfield Town - Southampton 26-08-2017"
"a3yg6vqnbrahfs22u3bjcww2y",10-MAR-18,"15:00:00","5n5baro467i8s8efkra3nhgux","Huddersfield Town","410jti6axb01yhvbc0axsp8li","Swansea City","John Smith's Stadium","Played","draw",0,0,"Huddersfield Town - Swansea City","Huddersfield Town - Swansea City 10-03-2018"
"a583n7a3omcyn948wl0ol9gtm",17-MAR-18,"15:00:00","5n5baro467i8s8efkra3nhgux","Huddersfield Town","1c8m2ko0wxq1asfkuykurdr0y","Crystal Palace","John Smith's Stadium","Played","away",0,2,"Huddersfield Town - Crystal Palace","Huddersfield Town - Crystal Palace 17-03-2018"
"95z4lyej3yi7xx2uwwb8kmq96",16-SEP-17,"14:00:00","5n5baro467i8s8efkra3nhgux","Huddersfield Town","avxknfz4f6ob0rv9dbnxdzde0","Leicester City","John Smith's Stadium","Played","draw",1,1,"Huddersfield Town - Leicester City","Huddersfield Town - Leicester City 16-09-2017"
"9z3snxs8tdr7d4ik6fta4e63u",11-FEB-18,"12:00:00","5n5baro467i8s8efkra3nhgux","Huddersfield Town","1pse9ta7a45pi2w2grjim70ge","AFC Bournemouth","John Smith's Stadium","Played","home",4,1,"Huddersfield Town - AFC Bournemouth","Huddersfield Town - AFC Bournemouth 11-02-2018"
"9fyym8vshta3b0dz89yvj8z1m",26-NOV-17,"16:00:00","5n5baro467i8s8efkra3nhgux","Huddersfield Town","a3nyxabgsqlnqfkeg41m6tnpp","Manchester City","John Smith's Stadium","Played","away",1,2,"Huddersfield Town - Manchester City","Huddersfield Town - Manchester City 26-11-2017"
"9tcuiefl0gr6t25iw35enfk2y",13-JAN-18,"15:00:00","5n5baro467i8s8efkra3nhgux","Huddersfield Town","4txjdaqveermfryvbfrr4taf7","West Ham United","John Smith's Stadium","Played","away",1,4,"Huddersfield Town - West Ham United","Huddersfield Town - West Ham United 13-01-2018"
"92b2xw9ne3whghyk3x4chq99m",20-AUG-17,"12:30:00","5n5baro467i8s8efkra3nhgux","Huddersfield Town","7vn2i2kd35zuetw6b38gw9jsz","Newcastle United","John Smith's Stadium","Played","home",1,0,"Huddersfield Town - Newcastle United","Huddersfield Town - Newcastle United 20-08-2017"
"9b5eps8n1y1c56s3edtu3aeei",21-OCT-17,"14:00:00","5n5baro467i8s8efkra3nhgux","Huddersfield Town","6eqit8ye8aomdsrrq0hk3v7gh","Manchester United","John Smith's Stadium","Played","home",2,1,"Huddersfield Town - Manchester United","Huddersfield Town - Manchester United 21-10-2017"
"98hm1jo8ymbfryttvhund0r56",30-SEP-17,"11:30:00","5n5baro467i8s8efkra3nhgux","Huddersfield Town","22doj4sgsocqpxw45h607udje","Tottenham Hotspur","John Smith's Stadium","Played","away",0,4,"Huddersfield Town - Tottenham Hotspur","Huddersfield Town - Tottenham Hotspur 30-09-2017"
"9dqqff3fxfnoositf6sx5jpt6",04-NOV-17,"15:00:00","5n5baro467i8s8efkra3nhgux","Huddersfield Town","d1lhefp805y0rcbjqkpu4fq0n","West Bromwich Albion","John Smith's Stadium","Played","home",1,0,"Huddersfield Town - West Bromwich Albion","Huddersfield Town - West Bromwich Albion 04-11-2017"
"9jfz031s2po8zfkgkvwzded0q",09-DEC-17,"15:00:00","5n5baro467i8s8efkra3nhgux","Huddersfield Town","e5p0ehyguld7egzhiedpdnc3w","Brighton & Hove Albion","John Smith's Stadium","Played","home",2,0,"Huddersfield Town - Brighton & Hove Albion","Huddersfield Town - Brighton & Hove Albion 09-12-2017"
"9fquodsb89ceti3fp3lt6o3my",26-NOV-17,"14:00:00","64bxxwu2mv2qqlv0monbkj1om","Burnley","4dsgumo7d4zupm2ugsvm4zm4d","Arsenal","Turf Moor","Played","away",0,1,"Burnley - Arsenal","Burnley - Arsenal 26-11-2017"
"a546zvyp9a45ow7ff29mz1yzu",19-APR-18,"18:45:00","64bxxwu2mv2qqlv0monbkj1om","Burnley","9q0arba2kbnywth8bkxlhgmdr","Chelsea","Turf Moor","Played","away",1,2,"Burnley - Chelsea","Burnley - Chelsea 19-04-2018"
"a1uv9v5ek84yx3jz3hjlnldgq",03-MAR-18,"12:30:00","64bxxwu2mv2qqlv0monbkj1om","Burnley","ehd2iemqmschhj2ec0vayztzz","Everton","Turf Moor","Played","home",2,1,"Burnley - Everton","Burnley - Everton 03-03-2018"
"9j5l3wy65h3x0wd59urebiyju",09-DEC-17,"15:00:00","64bxxwu2mv2qqlv0monbkj1om","Burnley","4t83rqbdbekinxl5fz2ygsyta","Watford","Turf Moor","Played","home",1,0,"Burnley - Watford","Burnley - Watford 09-12-2017"
"9ri15wcn235tg815xf30c04fe",01-JAN-18,"15:00:00","64bxxwu2mv2qqlv0monbkj1om","Burnley","c8h9bw1l82s06h77xxrelzhur","Liverpool","Turf Moor","Played","away",1,2,"Burnley - Liverpool","Burnley - Liverpool 01-01-2018"
"ekcpm4rjhsjj94ko4km96gnpw",26-FEB-22,"15:00:00","6eqit8ye8aomdsrrq0hk3v7gh","Manchester United","4t83rqbdbekinxl5fz2ygsyta","Watford","Old Trafford","Played","draw",0,0,"Manchester United - Watford","Manchester United - Watford 26-02-2022"
"eb9bzth4mozvxbdpvfj0xidjo",26-DEC-21,"15:00:00","a3nyxabgsqlnqfkeg41m6tnpp","Manchester City","avxknfz4f6ob0rv9dbnxdzde0","Leicester City","Etihad Stadium","Played","home",6,3,"Manchester City - Leicester City","Manchester City - Leicester City 26-12-2021"
"dut0fusi3v9t9dohry1h9rm6s",29-AUG-21,"15:30:00","b9si1jn1lfxfund69e9ogcu2n","Wolverhampton Wanderers","6eqit8ye8aomdsrrq0hk3v7gh","Manchester United","Molineux Stadium","Played","away",0,1,"Wolverhampton Wanderers - Manchester United","Wolverhampton Wanderers - Manchester United 29-08-2021"
"dyhrw4hnrinl0ikwwbkd80kyc",03-OCT-21,"15:30:00","c8h9bw1l82s06h77xxrelzhur","Liverpool","a3nyxabgsqlnqfkeg41m6tnpp","Manchester City","Anfield","Played","draw",2,2,"Liverpool - Manchester City","Liverpool - Manchester City 03-10-2021"
"du7vszgj4outkoti1etvdu3h0",28-AUG-21,"16:30:00","c8h9bw1l82s06h77xxrelzhur","Liverpool","9q0arba2kbnywth8bkxlhgmdr","Chelsea","Anfield","Played","draw",1,1,"Liverpool - Chelsea","Liverpool - Chelsea 28-08-2021"
"dw2zk0s0awnpz6bpm8aitbrpw",19-SEP-21,"13:00:00","e5p0ehyguld7egzhiedpdnc3w","Brighton & Hove Albion","avxknfz4f6ob0rv9dbnxdzde0","Leicester City","The American Express Community Stadium","Played","home",2,1,"Brighton & Hove Albion - Leicester City","Brighton & Hove Albion - Leicester City 19-09-2021"
"917uiluoxrn70n4gv9zx65xey",12-AUG-17,"14:00:00","ehd2iemqmschhj2ec0vayztzz","Everton","4qioq44vcv619vnyy2rpovk4e","Stoke City","Goodison Park","Played","home",1,0,"Everton - Stoke City","Everton - Stoke City 12-08-2017"
"ae8y951thvzf65mm5no8t1ch6",05-MAY-18,"16:30:00","ehd2iemqmschhj2ec0vayztzz","Everton","d5ydtvt96bv7fq04yqm2w2632","Southampton","Goodison Park","Played","draw",1,1,"Everton - Southampton","Everton - Southampton 05-05-2018"
"9lx6ddpcklrpnx6l5qmen36ga",18-DEC-17,"20:00:00","ehd2iemqmschhj2ec0vayztzz","Everton","410jti6axb01yhvbc0axsp8li","Swansea City","Goodison Park","Played","home",3,1,"Everton - Swansea City","Everton - Swansea City 18-12-2017"
"9ywo6k1qwetbmnjpdb137g296",10-FEB-18,"15:00:00","ehd2iemqmschhj2ec0vayztzz","Everton","1c8m2ko0wxq1asfkuykurdr0y","Crystal Palace","Goodison Park","Played","home",3,1,"Everton - Crystal Palace","Everton - Crystal Palace 10-02-2018"
"9w5fosncdhsqylhhaj1tg1kkq",31-JAN-18,"19:45:00","ehd2iemqmschhj2ec0vayztzz","Everton","avxknfz4f6ob0rv9dbnxdzde0","Leicester City","Goodison Park","Played","home",2,1,"Everton - Leicester City","Everton - Leicester City 31-01-2018"
"974w2uxkp0pubjid15gmas0a2",23-SEP-17,"14:00:00","ehd2iemqmschhj2ec0vayztzz","Everton","1pse9ta7a45pi2w2grjim70ge","AFC Bournemouth","Goodison Park","Played","home",2,1,"Everton - AFC Bournemouth","Everton - AFC Bournemouth 23-09-2017"
"a6p90om9b1hr7ge3znj9sd08a",31-MAR-18,"16:30:00","ehd2iemqmschhj2ec0vayztzz","Everton","a3nyxabgsqlnqfkeg41m6tnpp","Manchester City","Goodison Park","Played","away",1,3,"Everton - Manchester City","Everton - Manchester City 31-03-2018"
"9homrxf3hd97briqnplai60kq",29-NOV-17,"20:00:00","ehd2iemqmschhj2ec0vayztzz","Everton","4txjdaqveermfryvbfrr4taf7","West Ham United","Goodison Park","Played","home",4,0,"Everton - West Ham United","Everton - West Ham United 29-11-2017"
"aajfdzfjklwbyqhi200jz8z1m",23-APR-18,"19:00:00","ehd2iemqmschhj2ec0vayztzz","Everton","7vn2i2kd35zuetw6b38gw9jsz","Newcastle United","Goodison Park","Played","home",1,0,"Everton - Newcastle United","Everton - Newcastle United 23-04-2018"
"9iic04gb7aizkshnr4gn1h5d6",02-DEC-17,"15:00:00","ehd2iemqmschhj2ec0vayztzz","Everton","5n5baro467i8s8efkra3nhgux","Huddersfield Town","Goodison Park","Played","home",2,0,"Everton - Huddersfield Town","Everton - Huddersfield Town 02-12-2017"
"9rnvhj2sjwtpe3wfux4cwftd6",01-JAN-18,"17:30:00","ehd2iemqmschhj2ec0vayztzz","Everton","6eqit8ye8aomdsrrq0hk3v7gh","Manchester United","Goodison Park","Played","away",0,2,"Everton - Manchester United","Everton - Manchester United 01-01-2018"
"94mjtn28x4ycvrviwistw6hka",09-SEP-17,"14:00:00","ehd2iemqmschhj2ec0vayztzz","Everton","22doj4sgsocqpxw45h607udje","Tottenham Hotspur","Goodison Park","Played","away",0,3,"Everton - Tottenham Hotspur","Everton - Tottenham Hotspur 09-09-2017"
"9uvijjmk55ktuawwtovxncokq",20-JAN-18,"15:00:00","ehd2iemqmschhj2ec0vayztzz","Everton","d1lhefp805y0rcbjqkpu4fq0n","West Bromwich Albion","Goodison Park","Played","draw",1,1,"Everton - West Bromwich Albion","Everton - West Bromwich Albion 20-01-2018"
"a3s102skf14wqbmq4telezdre",10-MAR-18,"15:00:00","ehd2iemqmschhj2ec0vayztzz","Everton","e5p0ehyguld7egzhiedpdnc3w","Brighton & Hove Albion","Goodison Park","Played","home",2,0,"Everton - Brighton & Hove Albion","Everton - Brighton & Hove Albion 10-03-2018"
